titulo,precio,calle,latitud,longitud,metros,habitaciones,baños,año_construccion,terraza,balcon,garaje,ascensor,jardin,piscina,aire_acondicionado,ocupado,habitable,reforma,fecha_publicacion,publicacion_mes,publicacion_dia_semana,antiguedad_dias,zona_Cala Sant Francesc - Santa Cristina,zona_Centre,zona_Els Pavos,zona_Els Pins,zona_La Plantera,zona_Mont Ferrant - Sant Joan,zona_Semicentre,zona_Urbanitzacions,tipo_casa,tipo_estudio,tipo_otro,tipo_piso,precio_m2,ratio_habitaciones_baños,n_extras,zona
Casa o chalet independiente en venta en calle del Gironès,950000,carrer del gironès,41.67232461226674,2.787271592976172,332,3,4,1958.0,1,0,1,0,1,1,1,0,1,0,2025-04-01,4,1,8,0,1,0,0,0,0,0,0,1,0,0,0,2861.4457831325303,0.75,5,Centre
Casa de pueblo en venta en calle de Sant Jaume,399000,carrer de sant jaume,41.67515087937438,2.7913095396285685,200,4,3,1936.0,1,0,0,0,0,0,0,0,1,0,2025-02-14,2,4,54,0,1,0,0,0,0,0,0,1,0,0,0,1995.0,1.3333333333333333,1,Centre
Piso en venta en Illes Balears,185000,carrer illes balears,41.67915500123253,2.7856055008331873,122,3,2,2004.0,1,0,1,1,0,0,0,0,1,0,2025-02-20,2,3,48,0,0,0,0,0,0,1,0,0,0,0,1,1516.3934426229507,1.5,3,Semicentre
Piso en venta en Or,138000,carrer or,41.67481897693837,2.7927762372218945,40,1,1,1982.0,0,1,0,1,0,0,0,0,1,0,2024-10-24,10,3,167,0,1,0,0,0,0,0,0,0,0,0,1,3450.0,1.0,2,Centre
Chalet adosado en venta en calle de Fornaca,525000,carrer de fornaca,41.67431475768337,2.791160149081581,160,4,3,1973.0,1,0,0,0,0,0,1,0,1,0,2025-02-21,2,4,47,0,1,0,0,0,0,0,0,1,0,0,0,3281.25,1.3333333333333333,2,Centre
Piso en venta en Semicentre,169000,"carrer anselm clavé,62",41.677296,2.7873864,75,2,1,1975.0,1,0,0,1,0,0,0,0,1,0,2025-03-12,3,2,28,0,0,0,0,0,0,1,0,0,0,0,1,2253.3333333333335,2.0,2,Semicentre
Piso en venta en calle de Mont-Ferrant,239000,carrer de mont-ferrant,41.68005694702455,2.788394367465156,120,3,2,1983.0,1,0,0,1,0,0,0,0,1,0,2025-03-15,3,5,25,0,0,0,0,0,1,0,0,0,0,0,1,1991.6666666666667,1.5,2,Mont Ferrant - Sant Joan
Piso en venta en calle Eivissa,145000,carrer eivissa,41.6667513735627,2.781301659868566,61,1,1,1990.0,0,0,0,1,0,1,0,0,1,0,2025-03-20,3,3,20,0,0,0,1,0,0,0,0,0,0,0,1,2377.0491803278687,1.0,2,Els Pins
Piso en venta en calle Josep Carner,90000,carrer josep carner,41.66837048986316,2.7776464965773737,80,3,1,1978.0,1,0,0,1,0,0,0,0,0,0,2025-01-20,1,0,79,0,0,0,0,1,0,0,0,0,0,0,1,1125.0,3.0,2,La Plantera
"Casa o chalet independiente en venta en calle de la Fragata, 32",2910000,"carrer de la fragata, 32",41.6810060935075,2.806699751971413,658,8,5,1986.0,1,0,1,0,1,0,0,0,1,0,2025-04-02,4,2,7,1,0,0,0,0,0,0,0,1,0,0,0,4422.492401215805,1.6,3,Cala Sant Francesc - Santa Cristina
Casa o chalet independiente en venta en calle de la Fragata,1950000,carrer de la fragata,41.6810060935075,2.806699751971413,504,4,4,2013.0,1,0,1,0,1,1,1,0,1,0,2025-03-31,3,0,9,1,0,0,0,0,0,0,0,1,0,0,0,3869.0476190476193,1.0,5,Cala Sant Francesc - Santa Cristina
"Casa o chalet independiente en venta en calle de la Fragata, 4",1950000,"carrer de la fragata, 4",41.6810060935075,2.806699751971413,507,5,4,2013.0,0,0,1,0,1,1,1,0,1,0,2025-01-23,1,3,76,1,0,0,0,0,0,0,0,1,0,0,0,3846.153846153846,1.25,4,Cala Sant Francesc - Santa Cristina
"Casa o chalet independiente en venta en calle de la Fragata, 31",1850000,"carrer de la fragata, 31",41.6810060935075,2.806699751971413,334,6,4,1982.0,0,0,1,0,0,1,1,0,1,0,2025-03-11,3,1,29,1,0,0,0,0,0,0,0,1,0,0,0,5538.922155688623,1.5,3,Cala Sant Francesc - Santa Cristina
Piso en venta en calle de la Germandat,148000,carrer de la germandat,41.67750453736317,2.7856813920816585,63,2,1,1986.0,0,1,0,1,0,0,0,0,1,0,2025-03-30,3,6,10,0,0,0,0,0,0,1,0,0,0,0,1,2349.2063492063494,2.0,2,Semicentre
Piso en venta en calle de la Vila de Lloret,195000,carrer de la vila de lloret,41.688336306084,2.801692710651307,90,3,2,1991.0,1,0,0,1,0,0,0,0,1,0,2025-04-07,4,0,2,0,0,0,0,0,1,0,0,0,0,0,1,2166.6666666666665,1.5,2,Mont Ferrant - Sant Joan
Piso en venta en Els Pavos,365000,"carrer provença,4",41.67561905639978,2.781819036155578,173,5,2,2003.0,1,0,0,1,0,0,0,0,1,0,2025-04-04,4,4,5,0,0,1,0,0,0,0,0,0,0,0,1,2109.826589595376,2.5,2,Els Pavos
Chalet adosado en venta en calle del Pare Claret,399000,carrer del pare claret,41.66569406395908,2.784150772405055,101,4,2,1961.0,1,0,1,0,1,0,0,0,1,0,2024-12-18,12,2,112,0,0,0,1,0,0,0,0,1,0,0,0,3950.4950495049507,2.0,3,Els Pins
Chalet adosado en venta en calle de Provença,340000,carrer de provença,41.67561905639978,2.781819036155578,128,4,2,1986.0,1,0,1,0,0,0,1,0,1,0,2025-02-03,2,0,65,0,0,1,0,0,0,0,0,1,0,0,0,2656.25,2.0,3,Els Pavos
Piso en venta en calle de Santa Maria,125000,carrer de santa maria,41.679137978893806,2.784382143151209,43,1,1,1986.0,0,1,0,1,0,0,1,0,1,0,2025-04-08,4,1,1,0,0,0,0,0,0,1,0,0,0,0,1,2906.9767441860463,1.0,3,Semicentre
"Casa o chalet independiente en venta en calle Ferran Soldevila, 6",2000000,"carrer ferran soldevila, 6",41.67821110562303,2.7952087854432226,743,5,4,2007.0,1,0,1,0,0,1,0,0,1,0,2025-03-11,3,1,29,0,0,0,0,0,1,0,0,1,0,0,0,2691.790040376851,1.25,3,Mont Ferrant - Sant Joan
Casa o chalet independiente en venta en Urbanitzacions,525000,carrer urbanitzacions,41.691889674036815,2.795310049968309,388,5,3,2012.0,1,0,1,0,1,1,0,0,1,0,2025-04-07,4,0,2,0,0,0,0,0,0,0,1,1,0,0,0,1353.0927835051546,1.6666666666666667,4,Urbanitzacions
Casa o chalet independiente en venta en calle de la Fragata,1950000,carrer de la fragata,41.6810060935075,2.806699751971413,507,5,4,2013.0,0,1,1,0,0,1,1,0,1,0,2025-04-07,4,0,2,1,0,0,0,0,0,0,0,1,0,0,0,3846.153846153846,1.25,4,Cala Sant Francesc - Santa Cristina
Chalet pareado en venta en Francesc Macia,425000,carrer francesc macia,41.66565659399783,2.784161288171001,101,4,2,1986.0,1,0,0,0,1,0,0,0,1,0,2024-12-10,12,1,120,0,0,0,1,0,0,0,0,1,0,0,0,4207.920792079208,2.0,2,Els Pins
Piso en venta en calle d'Enric Morera,298000,carrer d'enric morera,41.661857440587944,2.782163797181824,81,3,2,1978.0,1,0,0,1,0,1,0,0,1,0,2025-03-27,3,3,13,0,0,0,1,0,0,0,0,0,0,0,1,3679.0123456790125,1.5,3,Els Pins
Piso en venta en avenida Vila de Madrid,210000,avinguda vila de madrid,41.65688477128467,2.7789646683159557,67,2,1,1981.0,1,0,1,1,0,1,1,0,1,0,2025-03-18,3,1,22,0,0,0,1,0,0,0,0,0,0,0,1,3134.3283582089553,2.0,5,Els Pins
Casa o chalet independiente en venta en calle Sant Damià,885000,carrer sant damià,41.68554361526408,2.806842331103187,344,5,4,1991.0,1,0,1,0,1,1,0,0,1,0,2024-12-04,12,2,126,1,0,0,0,0,0,0,0,1,0,0,0,2572.6744186046512,1.25,4,Cala Sant Francesc - Santa Cristina
Piso en venta en Cala Sant Francesc - Santa Cristina,598000,carrer de sant francesc,41.68812440873454,2.8021213149376165,144,4,2,1981.0,0,1,1,0,0,1,1,0,1,0,2025-03-28,3,4,12,1,0,0,0,0,0,0,0,0,0,0,1,4152.777777777777,2.0,4,Cala Sant Francesc - Santa Cristina
Casa o chalet en venta en calle Petit de Raval,650000,carrer petit de raval,41.67651690114528,2.7922850047117125,321,4,4,1900.0,1,0,1,0,0,0,1,0,1,0,2024-10-30,10,2,161,0,1,0,0,0,0,0,0,1,0,0,0,2024.9221183800623,1.0,3,Centre
Piso en venta en calle d'Ignasi Iglesias,315000,carrer d'ignasi iglesias,41.6608896929472,2.7817487881108915,96,3,2,1978.0,1,0,0,1,0,1,0,0,1,0,2024-07-15,7,0,268,0,0,0,1,0,0,0,0,0,0,0,1,3281.25,1.5,3,Els Pins
Dúplex en venta en calle de Sant Vicenç Ferrer,365000,carrer de sant vicenç ferrer,41.67234550355655,2.7792983408457865,158,5,2,2003.0,1,0,1,1,0,0,0,0,1,0,2025-04-03,4,3,6,0,0,1,0,0,0,0,0,0,0,0,1,2310.1265822784812,2.5,3,Els Pavos
Casa o chalet independiente en venta en Cala Sant Francesc - Santa Cristina,1000000,carrer de sant francesc,41.68812440873454,2.8021213149376165,299,5,3,1984.0,1,0,1,0,1,1,1,0,1,0,2025-02-06,2,3,62,1,0,0,0,0,0,0,0,1,0,0,0,3344.4816053511704,1.6666666666666667,5,Cala Sant Francesc - Santa Cristina
Casa o chalet independiente en venta en Cala Sant Francesc - Santa Cristina,2910000,carrer de sant francesc,41.68812440873454,2.8021213149376165,658,8,5,1980.0,1,0,1,0,1,1,0,0,1,0,2025-02-03,2,0,65,1,0,0,0,0,0,0,0,1,0,0,0,4422.492401215805,1.6,4,Cala Sant Francesc - Santa Cristina
Piso en venta en Els Pins,240000,carrer vila de paris,41.66407367300141,2.783408558724116,90,2,1,1986.0,1,0,0,1,0,1,0,0,1,0,2025-04-01,4,1,8,0,0,0,1,0,0,0,0,0,0,0,1,2666.6666666666665,2.0,3,Els Pins
Casa o chalet independiente en venta en Urbanitzacions,525000,carrer urbanitzacions,41.691889674036815,2.795310049968309,354,5,3,2012.0,1,0,1,0,1,1,0,0,1,0,2025-04-02,4,2,7,0,0,0,0,0,0,0,1,1,0,0,0,1483.050847457627,1.6666666666666667,4,Urbanitzacions
Piso en venta en paseo de s'Abanell,277000,passeig de s'abanell,41.6690566,2.78753435,70,3,2,1986.0,1,0,0,1,0,0,1,0,1,0,2025-04-04,4,4,5,0,0,0,1,0,0,0,0,0,0,0,1,3957.1428571428573,1.5,3,Els Pins
Chalet adosado en venta en Centre,650000,carrer ample,41.67454693196272,2.791958077322335,321,4,4,1986.0,0,0,1,0,0,0,0,0,1,0,2025-04-01,4,1,8,0,1,0,0,0,0,0,0,1,0,0,0,2024.9221183800623,1.0,1,Centre
Casa o chalet en venta en Mont Ferrant - Sant Joan,599000,carrer mas vaixeller,41.67847922230874,2.779174254327162,278,4,3,1998.0,1,0,1,0,1,1,1,0,1,0,2024-05-13,5,0,331,0,0,0,0,0,1,0,0,1,0,0,0,2154.6762589928057,1.3333333333333333,5,Mont Ferrant - Sant Joan
Piso en venta en calle del Pou Nou,158000,carrer del pou nou,41.673604742372106,2.7885063242696617,55,2,1,1964.0,0,0,0,1,0,0,1,0,1,0,2025-03-12,3,2,28,0,1,0,0,0,0,0,0,0,0,0,1,2872.7272727272725,2.0,2,Centre
Casa o chalet en venta en calle del Bellaire,325000,carrer del bellaire,41.6745209,2.7906187,142,3,3,1986.0,0,1,0,0,0,0,1,0,1,0,2024-10-24,10,3,167,0,1,0,0,0,0,0,0,1,0,0,0,2288.7323943661972,1.0,2,Centre
Piso en venta en Els Pavos,189000,"carrer provença,4",41.67561905639978,2.781819036155578,97,3,1,1980.0,0,0,0,1,0,0,0,0,1,0,2025-04-04,4,4,5,0,0,1,0,0,0,0,0,0,0,0,1,1948.4536082474226,3.0,1,Els Pavos
Piso en venta en calle de Sant Bonós,179000,carrer de sant bonós,41.673397191328206,2.7888824786952617,67,2,1,1986.0,1,0,0,1,0,0,0,0,1,0,2024-10-30,10,2,161,0,1,0,0,0,0,0,0,0,0,0,1,2671.6417910447763,2.0,2,Centre
Piso en venta en calle de Sant Joan,179000,carrer de sant joan,41.67416835194289,2.789374932838504,52,2,1,1915.0,0,0,1,1,0,0,1,0,1,0,2025-03-18,3,1,22,0,1,0,0,0,0,0,0,0,0,0,1,3442.3076923076924,2.0,3,Centre
Piso en venta en Els Pins,279000,carrer vila de paris,41.66407367300141,2.783408558724116,58,3,2,1986.0,0,0,0,1,0,0,1,0,1,0,2025-04-01,4,1,8,0,0,0,1,0,0,0,0,0,0,0,1,4810.3448275862065,1.5,2,Els Pins
Piso en venta en Els Pavos,215000,"carrer provença,4",41.67561905639978,2.781819036155578,80,2,2,2025.0,1,0,0,1,0,0,1,0,1,0,2025-04-05,4,5,4,0,0,1,0,0,0,0,0,0,0,0,1,2687.5,1.0,3,Els Pavos
Casa o chalet independiente en venta en Cala Sant Francesc - Santa Cristina,695000,carrer de sant francesc,41.68565600269289,2.80189424883582,260,4,3,2001.0,1,0,1,0,1,1,1,0,1,0,2025-04-07,4,0,2,1,0,0,0,0,0,0,0,1,0,0,0,2673.076923076923,1.3333333333333333,5,Cala Sant Francesc - Santa Cristina
Casa o chalet en venta en calle de les Escales de l'Aigua,108800,carrer de les escales de l'aigua,41.6698203,2.7830408,174,3,1,1986.0,0,0,0,0,0,0,0,1,1,0,2025-04-04,4,4,5,0,0,1,0,0,0,0,0,1,0,0,0,625.2873563218391,3.0,0,Els Pavos
Piso en venta en Semicentre,207900,"carrer anselm clavé,62",41.677296,2.7873864,112,3,2,1986.0,0,1,0,1,0,0,1,0,1,0,2025-03-17,3,0,23,0,0,0,0,0,0,1,0,0,0,0,1,1856.25,1.5,3,Semicentre
Casa o chalet en venta en Urbanitzacions,598000,carrer urbanitzacions,41.691889674036815,2.795310049968309,270,5,4,2005.0,0,1,1,0,0,1,1,0,1,0,2024-12-19,12,3,111,0,0,0,0,0,0,0,1,1,0,0,0,2214.814814814815,1.25,4,Urbanitzacions
Piso en venta en Centre,155000,carrer ample,41.67454693196272,2.791958077322335,54,2,1,2007.0,1,0,0,1,0,0,1,0,1,0,2025-02-05,2,2,63,0,1,0,0,0,0,0,0,0,0,0,1,2870.3703703703704,2.0,3,Centre
Piso en venta en Semicentre,159000,"carrer anselm clavé,62",41.677296,2.7873864,79,3,1,1966.0,0,1,0,1,0,0,0,0,1,0,2025-03-02,3,6,38,0,0,0,0,0,0,1,0,0,0,0,1,2012.6582278481012,3.0,2,Semicentre
Piso en venta en Semicentre,154000,"carrer anselm clavé,62",41.677296,2.7873864,51,2,1,1986.0,1,0,0,1,0,0,0,0,1,0,2025-02-05,2,2,63,0,0,0,0,0,0,1,0,0,0,0,1,3019.607843137255,2.0,2,Semicentre
Piso en venta en Mont Ferrant - Sant Joan,179000,carrer mas vaixeller,41.677252,2.77971885,64,2,1,2006.0,0,1,0,1,0,0,0,0,1,0,2025-03-05,3,2,35,0,0,0,0,0,1,0,0,0,0,0,1,2796.875,2.0,2,Mont Ferrant - Sant Joan
Casa o chalet en venta en Cala Sant Francesc - Santa Cristina,990000,carrer de sant francesc,41.68565600269289,2.80189424883582,220,4,3,1980.0,0,1,1,0,0,1,0,0,1,0,2025-03-04,3,1,36,1,0,0,0,0,0,0,0,1,0,0,0,4500.0,1.3333333333333333,3,Cala Sant Francesc - Santa Cristina
Piso en venta en calle Nil M. Fabra,265000,carrer nil m. fabra,41.6590818,2.78132425,80,3,1,1986.0,1,0,0,1,0,0,0,0,1,0,2025-04-05,4,5,4,0,0,0,1,0,0,0,0,0,0,0,1,3312.5,3.0,2,Els Pins
Piso en venta en Centre,236000,carrer ample,41.67454693196272,2.791958077322335,98,2,3,2007.0,1,0,0,1,0,0,1,0,1,0,2025-04-04,4,4,5,0,1,0,0,0,0,0,0,0,0,0,1,2408.1632653061224,0.6666666666666666,3,Centre
Estudio en venta en avenida del Mediterrani,117500,avinguda del mediterrani,41.66500504207291,2.7833923188077305,30,0,1,1972.0,1,0,0,1,0,1,0,0,1,0,2025-03-31,3,0,9,0,0,0,1,0,0,0,0,0,1,0,0,3916.6666666666665,0.0,3,Els Pins
Dúplex en venta en avenida Extremadura,189000,avinguda extremadura,41.66840593875128,2.7768757983649746,97,3,2,2000.0,1,0,0,1,0,0,0,0,1,0,2025-03-10,3,0,30,0,0,0,0,1,0,0,0,0,0,0,1,1948.4536082474226,1.5,2,La Plantera
Piso en venta en Cala Sant Francesc - Santa Cristina,598000,carrer de sant francesc,41.68885595,2.80214255,144,4,2,1981.0,1,0,1,1,0,1,1,0,1,0,2025-04-02,4,2,7,1,0,0,0,0,0,0,0,0,0,0,1,4152.777777777777,2.0,5,Cala Sant Francesc - Santa Cristina
Piso en venta en Semicentre,207000,"carrer anselm clavé,62",41.677296,2.7873864,85,3,2,1997.0,1,0,0,1,0,0,1,0,1,0,2025-04-03,4,3,6,0,0,0,0,0,0,1,0,0,0,0,1,2435.294117647059,1.5,3,Semicentre
Casa o chalet independiente en venta en Urbanitzacions,650000,carrer urbanitzacions,41.691889674036815,2.795310049968309,292,7,3,1980.0,1,0,1,0,1,1,0,0,1,0,2025-02-17,2,0,51,0,0,0,0,0,0,0,1,1,0,0,0,2226.027397260274,2.3333333333333335,4,Urbanitzacions
Estudio en venta en Els Pins,116000,carrer vila de paris,41.66407367300141,2.783408558724116,23,0,1,1986.0,1,0,0,1,0,0,1,0,1,0,2024-12-24,12,1,106,0,0,0,1,0,0,0,0,0,1,0,0,5043.478260869565,0.0,3,Els Pins
Piso en venta en Els Pavos,250000,"carrer provença,4",41.67561905639978,2.781819036155578,97,3,2,2009.0,1,0,1,1,0,0,1,0,1,0,2025-03-27,3,3,13,0,0,1,0,0,0,0,0,0,0,0,1,2577.319587628866,1.5,4,Els Pavos
Piso en venta en avenida Vila de Madrid,210000,avinguda vila de madrid,41.65688477128467,2.7789646683159557,100,2,1,1980.0,1,0,0,1,0,1,0,0,1,0,2025-03-06,3,3,34,0,0,0,1,0,0,0,0,0,0,0,1,2100.0,2.0,3,Els Pins
Piso en venta en calle Mònaco,187000,carrer mònaco,41.66575585,2.7828519,65,3,1,1967.0,0,1,0,1,0,0,1,0,1,0,2024-12-05,12,3,125,0,0,0,1,0,0,0,0,0,0,0,1,2876.923076923077,3.0,3,Els Pins
"Piso en venta en calle Sant Bonós, 22",181250,"carrer sant bonós, 22",41.673397191328206,2.7888824786952617,49,1,1,1986.0,0,0,0,1,0,0,0,0,1,0,2024-11-27,11,2,133,0,1,0,0,0,0,0,0,0,0,0,1,3698.9795918367345,1.0,1,Centre
Piso en venta en La Plantera,245000,carrer béjar,41.66839367930616,2.775473038042611,190,3,2,1986.0,1,0,0,1,0,0,0,0,1,0,2025-04-08,4,1,1,0,0,0,0,1,0,0,0,0,0,0,1,1289.4736842105262,1.5,2,La Plantera
Piso en venta en Els Pins,260000,carrer vila de paris,41.66407367300141,2.783408558724116,91,2,1,1981.0,0,0,0,1,0,1,1,0,1,0,2025-04-08,4,1,1,0,0,0,1,0,0,0,0,0,0,0,1,2857.1428571428573,2.0,3,Els Pins
Casa o chalet independiente en venta en paseo Cortils i Vieta,2910000,passeig cortils i vieta,41.67220716272651,2.790415891742099,600,6,5,1979.0,0,0,1,0,0,1,0,0,1,0,2025-04-07,4,0,2,0,1,0,0,0,0,0,0,1,0,0,0,4850.0,1.2,2,Centre
Casa o chalet independiente en venta en calle Pere Puig i Llensa,990000,carrer pere puig i llensa,41.67515087937438,2.7913095396285685,450,4,4,1958.0,0,0,1,0,0,0,1,0,1,0,2024-11-20,11,2,140,0,1,0,0,0,0,0,0,1,0,0,0,2200.0,1.0,2,Centre
"Piso en venta en calle Sant Bonós, 22",237800,"carrer sant bonós, 22",41.673397191328206,2.7888824786952617,60,2,1,1986.0,0,1,0,1,0,0,0,0,1,0,2024-11-27,11,2,133,0,1,0,0,0,0,0,0,0,0,0,1,3963.3333333333335,2.0,2,Centre
"Estudio en venta en avenida del Mediterrani, 5",127500,"avinguda del mediterrani, 5",41.66500504207291,2.7833923188077305,30,0,1,1972.0,0,0,0,1,0,1,0,0,1,0,2025-03-10,3,0,30,0,0,0,1,0,0,0,0,0,1,0,0,4250.0,0.0,2,Els Pins
"Casa o chalet independiente en venta en calle de la Cala, 10",3500000,"carrer de la cala, 10",41.680072801197625,2.808561880008474,680,7,5,1986.0,1,0,0,0,0,0,1,0,1,0,2024-08-09,8,4,243,1,0,0,0,0,0,0,0,1,0,0,0,5147.058823529412,1.4,2,Cala Sant Francesc - Santa Cristina
Casa o chalet independiente en venta en de la Cala,1500000,carrer de la cala,41.680072801197625,2.808561880008474,434,6,6,1986.0,1,0,1,0,1,1,1,0,1,0,2025-02-06,2,3,62,0,1,0,0,0,0,0,0,1,0,0,0,3456.221198156682,1.0,5,Centre
Casa o chalet independiente en venta en paseo de Carles Faust,2450000,passeig de carles faust,41.675882574372025,2.801212791287493,560,11,9,1976.0,0,1,1,0,1,0,1,0,1,0,2025-03-28,3,4,12,1,0,0,0,0,0,0,0,1,0,0,0,4375.0,1.2222222222222223,4,Cala Sant Francesc - Santa Cristina
Piso en venta en Extremadura,180000,carrer extremadura,41.668685300731525,2.776112029765391,95,2,1,1986.0,1,0,0,1,0,0,1,0,1,0,2025-01-08,1,2,91,0,0,0,0,1,0,0,0,0,0,0,1,1894.7368421052631,2.0,3,La Plantera
Dúplex en venta en calle d'Anselm Clavé,159000,carrer d'anselm clavé,41.678494673759886,2.7849744099208884,80,1,1,1990.0,1,0,0,1,0,0,1,0,1,0,2025-02-17,2,0,51,0,1,0,0,0,0,0,0,0,0,0,1,1987.5,1.0,3,Centre
Casa o chalet independiente en venta en calle de Mas Marull,340000,carrer de mas marull,41.667444200000006,2.77508605,215,4,3,2011.0,0,0,0,0,0,0,0,0,1,0,2025-02-17,2,0,51,0,0,0,0,1,0,0,0,1,0,0,0,1581.3953488372092,1.3333333333333333,0,La Plantera
Piso en venta en La Plantera,245000,carrer béjar,41.66839367930616,2.775473038042611,124,4,3,1990.0,1,0,0,1,0,0,1,0,1,0,2025-04-04,4,4,5,0,0,0,0,1,0,0,0,0,0,0,1,1975.8064516129032,1.3333333333333333,3,La Plantera
Casa o chalet independiente en venta en calle Almadrava,3950000,carrer almadrava,41.67900997064663,2.8012601376075494,487,4,4,2023.0,0,1,0,0,0,1,1,0,1,0,2025-04-01,4,1,8,1,0,0,0,0,0,0,0,1,0,0,0,8110.88295687885,1.0,3,Cala Sant Francesc - Santa Cristina
"Piso en venta en calle Sant Bonós, 22",279000,"carrer sant bonós, 22",41.673397191328206,2.7888824786952617,78,3,2,1986.0,1,0,0,1,0,0,0,0,1,0,2024-11-27,11,2,133,0,1,0,0,0,0,0,0,0,0,0,1,3576.923076923077,1.5,2,Centre
Piso en venta en calle del Doctor Xavier Brunet,1290000,carrer del doctor xavier brunet,41.67268162978849,2.790516371270375,167,3,4,2012.0,0,1,0,1,0,0,1,0,1,0,2025-03-31,3,0,9,0,1,0,0,0,0,0,0,0,0,0,1,7724.550898203593,0.75,3,Centre
Piso en venta en paseo Pau Casals,760000,passeig pau casals,41.67479652545284,2.794054386901673,155,7,2,1973.0,1,0,0,1,0,0,0,0,1,0,2025-04-08,4,1,1,0,1,0,0,0,0,0,0,0,0,0,1,4903.225806451613,3.5,2,Centre
Ático en venta en paseo Pau Casals,760000,passeig pau casals,41.67479652545284,2.794054386901673,145,3,3,1973.0,1,0,0,1,0,0,1,0,1,0,2025-04-03,4,3,6,0,1,0,0,0,0,0,0,1,0,0,0,5241.379310344828,1.0,3,Centre
Piso en venta en calle Josep Carner,122000,carrer josep carner,41.66837048986316,2.7776464965773737,49,1,1,1986.0,1,0,0,1,0,0,0,0,1,0,2025-04-04,4,4,5,0,0,0,0,1,0,0,0,0,0,0,1,2489.795918367347,1.0,2,La Plantera
Piso en venta en calle de Cristòfor Colom,264000,carrer de cristòfor colom,41.65915623519233,2.7791701424623447,98,3,2,1971.0,1,0,0,1,0,0,1,0,1,0,2025-01-08,1,2,91,0,0,0,1,0,0,0,0,0,0,0,1,2693.877551020408,1.5,3,Els Pins
Piso en venta en Semicentre,207000,"carrer anselm clavé,62",41.677296,2.7873864,112,3,2,1997.0,0,1,0,1,0,0,1,0,1,0,2025-04-08,4,1,1,0,0,0,0,0,0,1,0,0,0,0,1,1848.2142857142858,1.5,3,Semicentre
Casa o chalet independiente en venta en calle de la Fragata,2910000,carrer de la fragata,41.6810060935075,2.806699751971413,658,8,4,1986.0,0,0,0,0,0,1,1,0,1,0,2025-02-24,2,0,44,1,0,0,0,0,0,0,0,1,0,0,0,4422.492401215805,2.0,2,Cala Sant Francesc - Santa Cristina
Casa o chalet independiente en venta en calle de la Cala,1875000,carrer de la cala,41.680072801197625,2.808561880008474,330,7,4,1988.0,1,0,1,0,1,1,0,0,1,0,2025-03-31,3,0,9,1,0,0,0,0,0,0,0,1,0,0,0,5681.818181818182,1.75,4,Cala Sant Francesc - Santa Cristina
"Casa o chalet independiente en venta en carretera Tordera, 26",398000,"carretera tordera, 26",41.68467202811999,2.7687823565796603,157,4,3,2025.0,1,0,0,0,0,0,0,0,1,0,2025-03-26,3,2,14,0,0,0,0,0,0,1,0,1,0,0,0,2535.0318471337578,1.3333333333333333,1,Semicentre
Casa o chalet independiente en venta en Centre,750000,carrer ample,41.67454693196272,2.791958077322335,347,6,2,1989.0,1,0,1,0,1,0,1,0,1,0,2024-08-08,8,3,244,0,1,0,0,0,0,0,0,1,0,0,0,2161.383285302594,3.0,4,Centre
Casa o chalet independiente en venta en Cala Sant Francesc - Santa Cristina,1200000,carrer de sant francesc,41.68565600269289,2.80189424883582,267,4,3,1986.0,0,0,0,0,1,1,0,0,1,0,2025-02-03,2,0,65,1,0,0,0,0,0,0,0,1,0,0,0,4494.38202247191,1.3333333333333333,2,Cala Sant Francesc - Santa Cristina
Casa o chalet independiente en venta en Cala Sant Francesc - Santa Cristina,3300000,carrer de sant francesc,41.68565600269289,2.80189424883582,505,5,7,2021.0,1,0,1,0,1,1,1,0,1,0,2025-01-02,1,3,97,1,0,0,0,0,0,0,0,1,0,0,0,6534.653465346535,0.7142857142857143,5,Cala Sant Francesc - Santa Cristina
Casa o chalet independiente en venta en Els Pins,435000,carrer vila de paris,41.66407367300141,2.783408558724116,196,3,2,1986.0,1,0,1,0,1,0,0,0,1,0,2025-04-03,4,3,6,0,0,0,1,0,0,0,0,1,0,0,0,2219.387755102041,1.5,3,Els Pins
"Casa o chalet independiente en venta en carretera Tordera, 26",398000,"carretera tordera, 26",41.68467202811999,2.7687823565796603,158,4,3,2025.0,1,0,0,0,0,0,0,0,1,0,2025-03-26,3,2,14,0,0,0,0,0,0,1,0,1,0,0,0,2518.987341772152,1.3333333333333333,1,Semicentre
Chalet adosado en venta en Els Pins,399000,carrer vila de paris,41.66407367300141,2.783408558724116,190,4,2,1993.0,1,0,0,0,1,0,0,0,1,0,2025-04-08,4,1,1,0,0,0,1,0,0,0,0,1,0,0,0,2100.0,2.0,2,Els Pins
Dúplex en venta en Els Pavos,265000,"carrer provença,4",41.67561905639978,2.781819036155578,119,4,3,1982.0,0,1,0,1,0,0,1,0,1,0,2025-04-05,4,5,4,0,0,1,0,0,0,0,0,0,0,0,1,2226.890756302521,1.3333333333333333,3,Els Pavos
Ático en venta en rambla de Joaquim Ruyra,159000,carrer rambla de joaquim ruyra,41.67515087937438,2.7913095396285685,75,2,1,1986.0,1,0,0,1,0,0,1,0,1,0,2025-04-02,4,2,7,0,1,0,0,0,0,0,0,0,0,0,1,2120.0,2.0,3,Centre
Piso en venta en Mont Ferrant - Sant Joan,166000,carrer mas vaixeller,41.67847922230874,2.779174254327162,90,3,1,1980.0,0,1,0,1,0,0,0,0,1,0,2025-04-07,4,0,2,0,0,0,0,0,1,0,0,0,0,0,1,1844.4444444444443,3.0,2,Mont Ferrant - Sant Joan
Casa o chalet independiente en venta en calle Vidal i Barraquer,900000,carrer vidal i barraquer,41.676961560029504,2.7984429487905493,300,4,2,1986.0,0,0,0,0,0,1,0,0,1,0,2024-11-20,11,2,140,0,0,0,0,0,1,0,0,1,0,0,0,3000.0,2.0,1,Mont Ferrant - Sant Joan
Chalet adosado en venta en paseo de Santa Bàrbara,599000,passeig de santa bàrbara,41.681528926410095,2.8014988922998643,173,4,3,1998.0,1,0,1,0,1,1,1,0,1,0,2025-02-01,2,5,67,0,0,0,0,0,1,0,0,1,0,0,0,3462.42774566474,1.3333333333333333,5,Mont Ferrant - Sant Joan
Casa o chalet independiente en venta en Cala Sant Francesc - Santa Cristina,1800000,carrer de sant francesc,41.68812440873454,2.8021213149376165,570,4,5,1986.0,1,0,1,0,1,1,1,0,1,0,2025-01-02,1,3,97,1,0,0,0,0,0,0,0,1,0,0,0,3157.8947368421054,0.8,5,Cala Sant Francesc - Santa Cristina
Casa o chalet independiente en venta en Urbanitzacions,700000,carrer urbanitzacions,41.691889674036815,2.795310049968309,479,5,3,2005.0,0,0,1,0,1,1,0,0,1,0,2025-02-18,2,1,50,0,0,0,0,0,0,0,1,1,0,0,0,1461.3778705636744,1.6666666666666667,3,Urbanitzacions
Casa de pueblo en venta en Centre,525000,carrer ample,41.67454693196272,2.791958077322335,352,4,3,1973.0,1,0,0,0,0,0,1,0,1,0,2025-01-30,1,3,69,0,1,0,0,0,0,0,0,1,0,0,0,1491.4772727272727,1.3333333333333333,2,Centre
Piso en venta en calle Josep Carner,99000,carrer josep carner,41.66837048986316,2.7776464965773737,86,3,1,1978.0,0,1,0,1,0,0,0,0,1,0,2025-03-18,3,1,22,0,0,0,0,1,0,0,0,0,0,0,1,1151.1627906976744,3.0,2,La Plantera
Casa o chalet independiente en venta en Cala Sant Francesc - Santa Cristina,1280000,carrer de sant francesc,41.68812440873454,2.8021213149376165,218,4,2,1978.0,1,0,1,0,1,1,0,0,1,0,2025-02-03,2,0,65,1,0,0,0,0,0,0,0,1,0,0,0,5871.559633027523,2.0,4,Cala Sant Francesc - Santa Cristina
Casa o chalet independiente en venta en Centre,389000,carrer ample,41.67454693196272,2.791958077322335,166,7,4,1920.0,1,0,0,0,0,0,1,0,1,0,2024-11-04,11,0,156,0,1,0,0,0,0,0,0,1,0,0,0,2343.373493975904,1.75,2,Centre
Casa o chalet independiente en venta en Urbanitzacions,800000,carrer urbanitzacions,41.691889674036815,2.795310049968309,368,4,3,1997.0,1,0,1,0,1,1,0,0,1,0,2024-11-20,11,2,140,0,0,0,0,0,0,0,1,1,0,0,0,2173.913043478261,1.3333333333333333,4,Urbanitzacions
Casa o chalet independiente en venta en Cala Sant Francesc - Santa Cristina,1100000,carrer de sant francesc,41.68812440873454,2.8021213149376165,350,3,4,1986.0,1,0,0,0,1,1,1,0,1,0,2024-11-20,11,2,140,1,0,0,0,0,0,0,0,1,0,0,0,3142.8571428571427,0.75,4,Cala Sant Francesc - Santa Cristina
Piso en venta en plaza Mèrida,124400,plaça mèrida,41.66796668719208,2.7732642503798903,120,1,1,1986.0,0,0,1,1,0,0,1,0,1,0,2024-11-19,11,1,141,0,0,0,0,1,0,0,0,0,0,0,1,1036.6666666666667,1.0,3,La Plantera
Piso en venta en calle de la Fe,183500,carrer de la fe,41.67725771213951,2.7864197305069935,83,3,1,1973.0,0,0,0,1,0,0,0,0,1,0,2024-12-11,12,2,119,0,1,0,0,0,0,0,0,0,0,0,1,2210.843373493976,3.0,1,Centre
Chalet adosado en venta en calle Petit de Raval,650000,carrer petit de raval,41.67651690114528,2.7922850047117125,321,4,3,1986.0,0,1,1,0,1,0,1,0,1,0,2024-12-21,12,5,109,0,1,0,0,0,0,0,0,1,0,0,0,2024.9221183800623,1.3333333333333333,4,Centre
Piso en venta en calle de Santa Cecília,148000,carrer de santa cecília,41.67898715,2.78643435,60,2,1,1984.0,1,0,0,1,0,0,1,0,1,0,2025-04-05,4,5,4,0,0,0,0,0,0,1,0,0,0,0,1,2466.6666666666665,2.0,3,Semicentre
Piso en venta en Semicentre,169000,"carrer anselm clavé,62",41.677296,2.7873864,75,2,1,1986.0,1,0,0,1,0,0,0,0,1,0,2025-03-13,3,3,27,0,0,0,0,0,0,1,0,0,0,0,1,2253.3333333333335,2.0,2,Semicentre
"Piso en venta en calle Pablo Neruda, 8",166000,"carrer pablo neruda, 8",41.667444200000006,2.77508605,90,3,2,1982.0,0,1,0,1,0,0,0,0,1,0,2024-07-18,7,3,265,0,0,0,0,1,0,0,0,0,0,0,1,1844.4444444444443,1.5,2,La Plantera
Piso en venta en Els Pins,196000,carrer vila de paris,41.66407367300141,2.783408558724116,52,1,1,1986.0,1,0,0,1,0,0,1,0,1,0,2025-04-05,4,5,4,0,0,0,1,0,0,0,0,0,0,0,1,3769.230769230769,1.0,3,Els Pins
Piso en venta en Semicentre,159000,"carrer anselm clavé,62",41.677296,2.7873864,123,3,2,1972.0,0,0,0,1,0,0,0,0,1,0,2025-04-04,4,4,5,0,0,0,0,0,0,1,0,0,0,0,1,1292.6829268292684,1.5,1,Semicentre
"Casa o chalet independiente en venta en calle de la Cala, 37",1500000,"carrer de la cala, 37",41.680072801197625,2.808561880008474,600,6,6,1999.0,1,0,1,0,1,1,1,0,1,0,2025-04-05,4,5,4,1,0,0,0,0,0,0,0,1,0,0,0,2500.0,1.0,5,Cala Sant Francesc - Santa Cristina
Piso en venta en Semicentre,127000,"carrer anselm clavé,62",41.677296,2.7873864,49,1,1,1986.0,1,0,0,1,0,0,0,0,1,0,2025-04-04,4,4,5,0,0,0,0,0,0,1,0,0,0,0,1,2591.8367346938776,1.0,2,Semicentre
Casa o chalet independiente en venta en Centre,400000,carrer ample,41.67454693196272,2.791958077322335,130,3,2,1986.0,1,0,0,0,0,0,1,0,1,0,2025-03-17,3,0,23,0,1,0,0,0,0,0,0,1,0,0,0,3076.923076923077,1.5,2,Centre
Piso en venta en paseo Bitácora,598000,passeig bitácora,41.6791319,2.8060196999999993,144,4,2,1986.0,0,0,0,1,0,0,0,0,1,0,2025-01-08,1,2,91,1,0,0,0,0,0,0,0,0,0,0,1,4152.777777777777,2.0,1,Cala Sant Francesc - Santa Cristina
Casa o chalet en venta en calle Mirador de la Cala,885000,carrer mirador de la cala,41.68158738092193,2.809054331191985,270,4,3,1999.0,1,0,0,0,0,0,0,0,1,0,2025-03-13,3,3,27,1,0,0,0,0,0,0,0,1,0,0,0,3277.777777777778,1.3333333333333333,1,Cala Sant Francesc - Santa Cristina
Ático en venta en paseo de s'Abanell,277000,passeig de s'abanell,41.66308080651631,2.7838917772438716,70,3,2,1967.0,1,0,0,1,0,0,1,0,1,0,2025-03-26,3,2,14,0,0,0,1,0,0,0,0,0,0,0,1,3957.1428571428573,1.5,3,Els Pins
Casa o chalet independiente en venta en calle Mirador de la Cala,1000000,carrer mirador de la cala,41.68158738092193,2.809054331191985,320,5,4,1986.0,1,0,1,0,1,1,1,0,1,0,2025-03-04,3,1,36,1,0,0,0,0,0,0,0,1,0,0,0,3125.0,1.25,5,Cala Sant Francesc - Santa Cristina
Piso en venta en Centre,177000,carrer ample,41.67454693196272,2.791958077322335,95,4,1,1986.0,0,1,0,1,0,0,0,0,1,0,2025-04-03,4,3,6,0,1,0,0,0,0,0,0,0,0,0,1,1863.157894736842,4.0,2,Centre
Casa o chalet independiente en venta en Cala Sant Francesc - Santa Cristina,1600000,carrer de sant francesc,41.68885595,2.80214255,350,4,3,2010.0,1,0,1,0,1,1,1,0,1,0,2024-12-13,12,4,117,1,0,0,0,0,0,0,0,1,0,0,0,4571.428571428572,1.3333333333333333,5,Cala Sant Francesc - Santa Cristina
Casa o chalet independiente en venta en Urbanitzacions,790000,carrer urbanitzacions,41.691889674036815,2.795310049968309,361,4,2,1986.0,1,0,0,0,0,0,0,0,1,0,2024-07-19,7,4,264,0,0,0,0,0,0,0,1,1,0,0,0,2188.3656509695293,2.0,1,Urbanitzacions
Casa o chalet independiente en venta en Centre,870000,carrer ample,41.67454693196272,2.791958077322335,325,5,3,1986.0,1,0,1,0,1,0,1,0,1,0,2024-12-24,12,1,106,0,1,0,0,0,0,0,0,1,0,0,0,2676.923076923077,1.6666666666666667,4,Centre
Piso en venta en Centre,169000,carrer ample,41.67454693196272,2.791958077322335,79,3,1,1986.0,1,0,0,1,0,0,0,0,1,0,2025-01-25,1,5,74,0,1,0,0,0,0,0,0,0,0,0,1,2139.240506329114,3.0,2,Centre
"Casa o chalet en venta en calle de Mas Terrats, 19 -22",2100000,"carrer de mas terrats, 19 -22",41.67757468505979,2.7943928121177115,450,4,4,1986.0,1,0,1,0,1,0,0,0,1,0,2025-03-13,3,3,27,0,0,0,0,0,1,0,0,1,0,0,0,4666.666666666667,1.0,3,Mont Ferrant - Sant Joan
Casa o chalet independiente en venta en Cala Sant Francesc - Santa Cristina,950000,carrer de sant francesc,41.68885595,2.80214255,370,4,3,1999.0,1,0,1,0,1,1,1,0,0,0,2025-03-29,3,5,11,1,0,0,0,0,0,0,0,1,0,0,0,2567.5675675675675,1.3333333333333333,5,Cala Sant Francesc - Santa Cristina
Casa o chalet independiente en venta en Centre,850000,carrer ample,41.67454693196272,2.791958077322335,500,6,2,1990.0,1,0,1,0,1,0,1,0,1,0,2024-12-24,12,1,106,0,1,0,0,0,0,0,0,1,0,0,0,1700.0,3.0,4,Centre
Casa o chalet independiente en venta en Semicentre,340000,"carrer anselm clavé,62",41.677296,2.7873864,255,3,1,1975.0,1,0,0,0,1,0,0,0,1,0,2025-02-21,2,4,47,0,0,0,0,0,0,1,0,1,0,0,0,1333.3333333333333,3.0,2,Semicentre
Piso en venta en Els Pins,249500,carrer vila de paris,41.66407367300141,2.783408558724116,76,2,1,1986.0,0,1,0,1,0,1,1,0,1,0,2025-01-28,1,1,71,0,0,0,1,0,0,0,0,0,0,0,1,3282.8947368421054,2.0,4,Els Pins
Piso en venta en Centre,228000,carrer ample,41.67454693196272,2.791958077322335,122,3,2,1986.0,1,0,0,1,0,0,0,0,1,0,2024-12-24,12,1,106,0,1,0,0,0,0,0,0,0,0,0,1,1868.8524590163934,1.5,2,Centre
Piso en venta en Els Pins,192000,carrer vila de paris,41.66407367300141,2.783408558724116,87,2,2,1973.0,0,1,0,1,0,0,0,0,1,0,2025-01-02,1,3,97,0,0,0,1,0,0,0,0,0,0,0,1,2206.896551724138,1.0,2,Els Pins
Piso en venta en La Plantera,180000,carrer béjar,41.66839367930616,2.775473038042611,95,2,1,1986.0,1,0,0,1,0,0,0,0,1,0,2025-01-18,1,5,81,0,0,0,0,1,0,0,0,0,0,0,1,1894.7368421052631,2.0,2,La Plantera
Casa o chalet independiente en venta en Urbanitzacions,525000,carrer urbanitzacions,41.691889674036815,2.795310049968309,245,5,3,1986.0,0,1,1,0,1,1,1,0,1,0,2025-02-24,2,0,44,0,0,0,0,0,0,0,1,1,0,0,0,2142.8571428571427,1.6666666666666667,5,Urbanitzacions
Piso en venta en La Plantera,126000,carrer béjar,41.66839367930616,2.775473038042611,48,1,1,1986.0,0,0,0,1,0,0,1,0,1,0,2025-01-24,1,4,75,0,0,0,0,1,0,0,0,0,0,0,1,2625.0,1.0,2,La Plantera
"Casa o chalet en venta en calle de la Cala, 57 -23",1800000,"carrer de la cala, 57 -23",41.68057478687336,2.8062159481904767,340,4,4,1986.0,0,0,1,0,1,1,0,0,1,0,2025-03-13,3,3,27,1,0,0,0,0,0,0,0,1,0,0,0,5294.117647058823,1.0,3,Cala Sant Francesc - Santa Cristina
Piso en venta en Semicentre,207900,"carrer anselm clavé,62",41.677296,2.7873864,112,3,2,1997.0,0,1,0,1,0,0,1,0,1,0,2025-04-05,4,5,4,0,0,0,0,0,0,1,0,0,0,0,1,1856.25,1.5,3,Semicentre
Piso en venta en La Plantera,95000,carrer béjar,41.66839367930616,2.775473038042611,62,2,1,1977.0,0,0,0,1,0,0,0,0,1,0,2025-03-07,3,4,33,0,0,0,0,1,0,0,0,0,0,0,1,1532.258064516129,2.0,1,La Plantera
Casa o chalet independiente en venta en Cala Sant Francesc - Santa Cristina,1250000,carrer de sant francesc,41.68885595,2.80214255,455,5,5,1993.0,1,0,1,0,1,0,0,0,1,0,2025-03-06,3,3,34,1,0,0,0,0,0,0,0,1,0,0,0,2747.252747252747,1.0,3,Cala Sant Francesc - Santa Cristina
Piso en venta en avenida Extremadura,180000,avinguda extremadura,41.66840593875128,2.7768757983649746,97,2,1,1980.0,0,1,0,1,0,0,1,0,1,0,2024-10-02,10,2,189,0,0,0,0,1,0,0,0,0,0,0,1,1855.6701030927834,2.0,3,La Plantera
Piso en venta en Els Pins,199500,carrer vila de paris,41.66407367300141,2.783408558724116,84,3,1,1967.0,0,1,0,1,0,0,0,0,1,0,2025-04-05,4,5,4,0,0,0,1,0,0,0,0,0,0,0,1,2375.0,3.0,2,Els Pins
Piso en venta en calle Espronceda,140000,carrer espronceda,41.66841556114663,2.774977175572961,58,1,1,2007.0,0,1,0,1,0,0,1,0,1,0,2024-09-25,9,2,196,0,0,0,0,1,0,0,0,0,0,0,1,2413.793103448276,1.0,3,La Plantera
Piso en venta en La Plantera,135000,carrer béjar,41.66839367930616,2.775473038042611,49,2,1,1970.0,1,0,0,1,0,1,0,0,1,0,2025-02-05,2,2,63,0,0,0,0,1,0,0,0,0,0,0,1,2755.1020408163267,2.0,3,La Plantera
Piso en venta en plaza Merida,120000,plaça merida,41.66796668719208,2.7732642503798903,50,1,1,1992.0,0,0,1,1,0,0,1,0,1,0,2024-09-25,9,2,196,0,0,0,0,1,0,0,0,0,0,0,1,2400.0,1.0,3,La Plantera
Piso en venta en Centre,240000,carrer ample,41.67454693196272,2.791958077322335,98,2,3,1986.0,1,0,0,1,0,0,1,0,1,0,2025-04-04,4,4,5,0,1,0,0,0,0,0,0,0,0,0,1,2448.9795918367345,0.6666666666666666,3,Centre
Ático en venta en Centre,155000,carrer ample,41.67454693196272,2.791958077322335,71,3,1,1967.0,1,0,0,1,0,0,0,0,1,0,2025-04-08,4,1,1,0,1,0,0,0,0,0,0,0,0,0,1,2183.0985915492956,3.0,2,Centre
Piso en venta en Els Pins,298000,carrer vila de paris,41.66407367300141,2.783408558724116,100,3,2,1978.0,0,1,0,1,0,1,0,0,1,0,2025-03-28,3,4,12,0,0,0,1,0,0,0,0,0,0,0,1,2980.0,1.5,3,Els Pins
Finca rústica en venta en Residencial Blanes s/n,80000,carrer residencial blanes s/n,41.691889674036815,2.795310049968309,70,3,1,1986.0,1,0,0,0,0,0,0,0,0,0,2025-04-05,4,5,4,0,0,0,0,0,0,0,1,0,0,1,0,1142.857142857143,3.0,1,Urbanitzacions
Piso en venta en Els Pavos,187000,"carrer provença,4",41.67561905639978,2.781819036155578,71,2,2,1998.0,1,0,0,1,0,0,0,0,1,0,2025-03-27,3,3,13,0,0,1,0,0,0,0,0,0,0,0,1,2633.8028169014083,1.0,2,Els Pavos
Casa o chalet independiente en venta en calle Marià Fortuny,900000,carrer marià fortuny,41.67767202475727,2.7972514310393866,200,4,2,1989.0,1,0,1,0,1,1,0,0,1,0,2024-12-02,12,0,128,0,0,0,0,0,1,0,0,1,0,0,0,4500.0,2.0,4,Mont Ferrant - Sant Joan
Piso en venta en Els Pavos,215000,"carrer provença,4",41.67561905639978,2.781819036155578,90,3,2,1996.0,0,1,0,1,0,0,1,0,1,0,2025-03-19,3,2,21,0,0,1,0,0,0,0,0,0,0,0,1,2388.8888888888887,1.5,3,Els Pavos
Piso en venta en Centre,223000,carrer ample,41.67454693196272,2.791958077322335,122,3,2,2000.0,1,0,0,1,0,0,1,0,1,0,2025-04-08,4,1,1,0,1,0,0,0,0,0,0,0,0,0,1,1827.8688524590164,1.5,3,Centre
Piso en venta en Mont Ferrant - Sant Joan,134000,carrer mas vaixeller,41.67847922230874,2.779174254327162,78,2,1,1980.0,0,0,0,1,0,0,0,0,1,0,2024-11-14,11,3,146,0,0,0,0,0,1,0,0,0,0,0,1,1717.948717948718,2.0,1,Mont Ferrant - Sant Joan
Piso en venta en Centre,158000,carrer ample,41.67454693196272,2.791958077322335,55,2,1,1964.0,0,0,0,1,0,0,0,0,1,0,2025-03-12,3,2,28,0,1,0,0,0,0,0,0,0,0,0,1,2872.7272727272725,2.0,1,Centre
Piso en venta en Els Pavos,138000,"carrer provença,4",41.67561905639978,2.781819036155578,84,3,2,1972.0,0,1,0,1,0,0,0,0,1,0,2025-04-04,4,4,5,0,0,1,0,0,0,0,0,0,0,0,1,1642.857142857143,1.5,2,Els Pavos
Piso en venta en Semicentre,289000,"carrer anselm clavé,62",41.677296,2.7873864,131,4,2,1977.0,0,1,0,1,0,0,1,0,1,0,2025-04-04,4,4,5,0,0,0,0,0,0,1,0,0,0,0,1,2206.1068702290077,2.0,3,Semicentre
Piso en venta en La Plantera,143000,carrer béjar,41.66839367930616,2.775473038042611,50,1,1,2007.0,0,1,0,1,0,1,0,0,1,0,2025-04-07,4,0,2,0,0,0,0,1,0,0,0,0,0,0,1,2860.0,1.0,3,La Plantera
Piso en venta en Els Pins,255000,carrer vila de paris,41.66407367300141,2.783408558724116,124,4,2,1986.0,0,1,0,1,0,0,0,0,1,0,2025-03-21,3,4,19,0,0,0,1,0,0,0,0,0,0,0,1,2056.451612903226,2.0,2,Els Pins
Casa o chalet independiente en venta en Cala Sant Francesc - Santa Cristina,1950000,carrer de sant francesc,41.68812440873454,2.8021213149376165,342,5,4,1981.0,0,0,1,0,1,1,1,0,1,0,2025-02-03,2,0,65,1,0,0,0,0,0,0,0,1,0,0,0,5701.754385964912,1.25,4,Cala Sant Francesc - Santa Cristina
Casa o chalet independiente en venta en Cala Sant Francesc - Santa Cristina,1950000,carrer de sant francesc,41.68885595,2.80214255,507,5,4,2013.0,1,0,1,0,1,1,1,0,1,0,2025-04-01,4,1,8,1,0,0,0,0,0,0,0,1,0,0,0,3846.153846153846,1.25,5,Cala Sant Francesc - Santa Cristina
Piso en venta en Centre,159000,carrer ample,41.67454693196272,2.791958077322335,80,1,1,1990.0,1,0,0,1,0,0,1,0,1,0,2025-04-07,4,0,2,0,1,0,0,0,0,0,0,0,0,0,1,1987.5,1.0,3,Centre
Piso en venta en Cala Sant Francesc - Santa Cristina,836000,carrer de sant francesc,41.68885595,2.80214255,391,3,4,2000.0,1,0,1,1,0,1,1,0,1,0,2025-02-28,2,4,40,1,0,0,0,0,0,0,0,0,0,0,1,2138.1074168797954,0.75,5,Cala Sant Francesc - Santa Cristina
"Estudio en venta en calle Vila de París, 4",120000,"carrer vila de parís, 4",41.66407367300141,2.783408558724116,24,0,1,1986.0,0,0,0,1,0,1,0,0,1,0,2025-04-05,4,5,4,0,0,0,1,0,0,0,0,0,1,0,0,5000.0,0.0,2,Els Pins
Chalet adosado en venta en Centre,570000,carrer ample,41.67454693196272,2.791958077322335,421,5,4,1960.0,1,0,0,0,0,0,0,0,1,0,2025-04-04,4,4,5,0,1,0,0,0,0,0,0,1,0,0,0,1353.9192399049882,1.25,1,Centre
Piso en venta en Centre,384000,carrer ample,41.67454693196272,2.791958077322335,96,3,2,1970.0,0,1,0,1,0,0,0,0,1,0,2025-03-05,3,2,35,0,1,0,0,0,0,0,0,0,0,0,1,4000.0,1.5,2,Centre
Casa rural en venta en carretera Tordera,850000,carretera tordera,41.68467202811999,2.7687823565796603,1200,7,3,1986.0,1,0,1,0,1,1,0,0,1,0,2025-03-10,3,0,30,0,0,0,0,0,0,1,0,1,0,0,0,708.3333333333334,2.3333333333333335,4,Semicentre
Piso en venta en Centre,84000,carrer ample,41.67454693196272,2.791958077322335,31,1,1,1986.0,0,0,0,1,0,0,0,0,0,0,2025-04-04,4,4,5,0,1,0,0,0,0,0,0,0,0,0,1,2709.6774193548385,1.0,1,Centre
Piso en venta en Centre,135000,carrer ample,41.67454693196272,2.791958077322335,25,1,1,1970.0,0,0,0,1,0,0,0,0,1,0,2025-04-04,4,4,5,0,1,0,0,0,0,0,0,0,0,0,1,5400.0,1.0,1,Centre
Casa o chalet en venta en Els Pins,399000,carrer vila de paris,41.66407367300141,2.783408558724116,130,4,2,1986.0,1,0,1,0,1,0,0,0,1,0,2025-04-08,4,1,1,0,0,0,1,0,0,0,0,1,0,0,0,3069.230769230769,2.0,3,Els Pins
Casa o chalet independiente en venta en Mont Ferrant - Sant Joan,295000,carrer mas vaixeller,41.67739235958661,2.7796335403619707,208,6,3,1960.0,1,0,1,0,0,0,0,0,1,0,2025-03-27,3,3,13,0,0,0,0,0,1,0,0,1,0,0,0,1418.2692307692307,2.0,2,Mont Ferrant - Sant Joan
"Piso en venta en calle de Sant Bonós, 7",183750,"carrer de sant bonós, 7",41.673397191328206,2.7888824786952617,59,1,1,1986.0,0,0,0,1,0,0,0,0,1,0,2025-04-05,4,5,4,0,1,0,0,0,0,0,0,0,0,0,1,3114.406779661017,1.0,1,Centre
Piso en venta en Centre,153500,carrer ample,41.67454693196272,2.791958077322335,51,2,1,2007.0,0,1,0,1,0,0,1,0,1,0,2025-04-04,4,4,5,0,1,0,0,0,0,0,0,0,0,0,1,3009.8039215686276,2.0,3,Centre
Piso en venta en Centre,228000,carrer ample,41.67454693196272,2.791958077322335,122,3,2,2000.0,0,0,0,1,0,0,0,0,1,0,2025-03-05,3,2,35,0,1,0,0,0,0,0,0,0,0,0,1,1868.8524590163934,1.5,1,Centre
Piso en venta en La Plantera,150000,carrer béjar,41.66839367930616,2.775473038042611,50,1,1,2004.0,1,0,0,1,0,0,1,0,1,0,2025-04-05,4,5,4,0,0,0,0,1,0,0,0,0,0,0,1,3000.0,1.0,3,La Plantera
Ático en venta en calle del Cadí,177000,carrer del cadí,41.67515087937438,2.7913095396285685,95,4,1,1974.0,1,0,0,1,0,0,0,0,1,0,2024-10-21,10,0,170,0,1,0,0,0,0,0,0,0,0,0,1,1863.157894736842,4.0,2,Centre
Piso en venta en avenida Extremadura,246000,avinguda extremadura,41.66840593875128,2.7768757983649746,109,3,2,1993.0,1,0,0,1,0,0,1,0,1,0,2024-06-20,6,3,293,0,0,0,0,1,0,0,0,0,0,0,1,2256.880733944954,1.5,3,La Plantera
Casa o chalet independiente en venta en Cala Sant Francesc - Santa Cristina,2450000,carrer de sant francesc,41.68565600269289,2.80189424883582,450,11,5,1979.0,1,0,1,0,1,0,1,0,1,0,2024-08-11,8,6,241,1,0,0,0,0,0,0,0,1,0,0,0,5444.444444444444,2.2,4,Cala Sant Francesc - Santa Cristina
Ático en venta en Centre,318000,carrer ample,41.67454693196272,2.791958077322335,108,3,3,1994.0,1,0,0,1,0,0,0,0,1,0,2024-07-26,7,4,257,0,1,0,0,0,0,0,0,0,0,0,1,2944.4444444444443,1.0,2,Centre
Piso en venta en Els Pins,335000,carrer vila de paris,41.66407367300141,2.783408558724116,87,3,1,1967.0,1,0,0,1,0,0,0,0,1,0,2025-03-25,3,1,15,0,0,0,1,0,0,0,0,0,0,0,1,3850.574712643678,3.0,2,Els Pins
Casa o chalet independiente en venta en Mont Ferrant - Sant Joan,2000000,carrer mas vaixeller,41.677252,2.77971885,1000,4,4,1986.0,1,0,1,0,0,0,1,0,1,0,2025-02-01,2,5,67,0,0,0,0,0,1,0,0,1,0,0,0,2000.0,1.0,3,Mont Ferrant - Sant Joan
Chalet adosado en venta en calle de Provença,340000,carrer de provença,41.67561905639978,2.781819036155578,120,4,2,1986.0,1,0,1,0,1,0,1,0,1,0,2025-04-07,4,0,2,0,0,1,0,0,0,0,0,1,0,0,0,2833.3333333333335,2.0,4,Els Pavos
Casa o chalet independiente en venta en calle de la Cala,1800000,carrer de la cala,41.6800357,2.8051396,654,5,6,1980.0,1,0,1,0,1,1,1,0,1,0,2025-04-07,4,0,2,1,0,0,0,0,0,0,0,1,0,0,0,2752.293577981651,0.8333333333333334,5,Cala Sant Francesc - Santa Cristina
Piso en venta en Els Pavos,339000,"carrer provença,4",41.67561905639978,2.781819036155578,134,4,2,1997.0,0,1,1,1,0,1,0,0,1,0,2025-04-03,4,3,6,0,0,1,0,0,0,0,0,0,0,0,1,2529.8507462686566,2.0,4,Els Pavos
Chalet adosado en venta en Centre,570000,carrer ample,41.67454693196272,2.791958077322335,421,5,4,2006.0,1,0,1,0,0,0,0,0,1,0,2025-04-03,4,3,6,0,1,0,0,0,0,0,0,1,0,0,0,1353.9192399049882,1.25,2,Centre
Casa o chalet independiente en venta en Semicentre,305000,"carrer anselm clavé,62",41.677296,2.7873864,250,3,1,1975.0,1,0,1,0,1,0,0,0,1,0,2025-04-03,4,3,6,0,0,0,0,0,0,1,0,1,0,0,0,1220.0,3.0,3,Semicentre
Piso en venta en La Plantera,150500,carrer béjar,41.66839367930616,2.775473038042611,63,3,1,1970.0,0,1,0,1,0,0,1,0,1,0,2025-04-04,4,4,5,0,0,0,0,1,0,0,0,0,0,0,1,2388.8888888888887,3.0,3,La Plantera
Estudio en venta en Centre,135000,carrer ample,41.67454693196272,2.791958077322335,25,0,1,1970.0,1,0,0,1,0,0,0,0,1,0,2025-04-07,4,0,2,0,1,0,0,0,0,0,0,0,1,0,0,5400.0,0.0,2,Centre
Piso en venta en calle de la Vila de Lloret,190000,carrer de la vila de lloret,41.6877492,2.7991501,75,3,2,2005.0,0,1,0,1,0,0,0,0,1,0,2025-04-08,4,1,1,0,0,0,0,0,1,0,0,0,0,0,1,2533.3333333333335,1.5,2,Mont Ferrant - Sant Joan
Piso en venta en rambla de Joaquim Ruyra,185000,carrer rambla de joaquim ruyra,41.67515087937438,2.7913095396285685,72,2,1,1971.0,0,0,0,1,0,0,1,0,1,0,2025-03-03,3,0,37,0,1,0,0,0,0,0,0,0,0,0,1,2569.4444444444443,2.0,2,Centre
Piso en venta en calle Vilar Petit,127000,carrer vilar petit,41.67860347835571,2.7815218115257156,50,1,1,1993.0,0,1,0,1,0,0,1,0,1,0,2025-04-07,4,0,2,0,0,0,0,0,0,1,0,0,0,0,1,2540.0,1.0,3,Semicentre
Casa o chalet independiente en venta en Cala Sant Francesc - Santa Cristina,695000,carrer de sant francesc,41.68565600269289,2.80189424883582,150,3,4,2001.0,1,0,1,0,0,1,0,0,1,0,2025-03-27,3,3,13,1,0,0,0,0,0,0,0,1,0,0,0,4633.333333333333,0.75,3,Cala Sant Francesc - Santa Cristina
Piso en venta en avenida Catalunya,75000,avinguda catalunya,41.68368089969945,2.7928017639573333,83,3,1,1986.0,0,0,0,1,0,0,0,0,1,0,2025-04-08,4,1,1,0,0,0,1,0,0,0,0,0,0,0,1,903.6144578313254,3.0,1,Els Pins
Chalet adosado en venta en calle de Raval,355000,carrer de raval,41.67651690114528,2.7922850047117125,195,4,2,1962.0,1,0,1,0,0,0,0,0,1,0,2025-04-05,4,5,4,0,1,0,0,0,0,0,0,1,0,0,0,1820.5128205128206,2.0,2,Centre
"Dúplex en venta en calle Sant Bonós, 22",372000,"carrer sant bonós, 22",41.673397191328206,2.7888824786952617,82,2,2,1986.0,1,0,0,1,0,0,0,0,1,0,2024-11-27,11,2,133,0,1,0,0,0,0,0,0,0,0,0,1,4536.585365853659,1.0,2,Centre
"Piso en venta en calle Sant Bonós, 22",263600,"carrer sant bonós, 22",41.673397191328206,2.7888824786952617,58,2,1,1986.0,1,0,0,1,0,0,0,0,1,0,2024-11-27,11,2,133,0,1,0,0,0,0,0,0,0,0,0,1,4544.827586206897,2.0,2,Centre
"Piso en venta en calle Sant Bonós, 22",286400,"carrer sant bonós, 22",41.673397191328206,2.7888824786952617,89,3,2,1986.0,1,0,0,1,0,0,0,0,1,0,2024-11-27,11,2,133,0,1,0,0,0,0,0,0,0,0,0,1,3217.9775280898875,1.5,2,Centre
"Dúplex en venta en calle Sant Bonós, 22",449800,"carrer sant bonós, 22",41.673397191328206,2.7888824786952617,105,3,2,1986.0,1,0,0,1,0,0,0,0,1,0,2024-11-27,11,2,133,0,1,0,0,0,0,0,0,0,0,0,1,4283.809523809524,1.5,2,Centre
Chalet pareado en venta en calle de les Guilleries,140000,carrer de les guilleries,41.67176524464972,2.7821273632430787,89,3,1,1986.0,0,0,0,0,0,0,0,0,1,0,2025-03-17,3,0,23,0,0,1,0,0,0,0,0,1,0,0,0,1573.0337078651685,3.0,0,Els Pavos
Piso en venta en calle Vilar Petit,155000,carrer vilar petit,41.67860347835571,2.7815218115257156,85,3,1,2000.0,0,0,0,1,0,0,0,0,1,0,2025-04-07,4,0,2,0,0,0,0,0,0,1,0,0,0,0,1,1823.5294117647059,3.0,1,Semicentre
"Piso en venta en calle de Mas Marot, 5",129500,"carrer de mas marot, 5",41.67845904943707,2.78733109033643,55,1,1,1997.0,1,0,0,1,0,0,0,0,1,0,2025-04-04,4,4,5,0,0,0,0,0,0,1,0,0,0,0,1,2354.5454545454545,1.0,2,Semicentre
Piso en venta en calle Salvat Papasseit,138000,carrer salvat papasseit,41.68299134344218,2.7813226958388513,70,3,1,1969.0,0,1,0,1,0,0,0,0,1,0,2025-04-08,4,1,1,0,0,0,0,0,0,1,0,0,0,0,1,1971.4285714285713,3.0,2,Semicentre
"Piso en venta en calle Melilla, 6",129900,"carrer melilla, 6",41.687150741268034,2.7951586371948594,110,3,2,2008.0,1,0,0,1,0,0,0,0,1,0,2025-04-03,4,3,6,0,0,0,0,0,0,1,0,0,0,0,1,1180.909090909091,1.5,2,Semicentre
Casa o chalet independiente en venta en calle Mas Borinot,485000,carrer mas borinot,41.68969277211043,2.791433149904925,240,3,3,1997.0,1,0,1,0,0,1,0,0,1,0,2025-04-02,4,2,7,0,0,0,0,0,0,0,1,1,0,0,0,2020.8333333333333,1.0,3,Urbanitzacions
Casa o chalet independiente en venta en Forn,350000,carrer forn,41.674820356750885,2.7922938709593073,284,7,4,1974.0,1,0,0,0,0,0,0,0,1,0,2025-02-01,2,5,67,0,1,0,0,0,0,0,0,1,0,0,0,1232.394366197183,1.75,1,Centre
Piso en venta en calle de l'Abat Escarré,220000,carrer de l'abat escarré,41.68126975816681,2.794739749269475,120,3,2,1978.0,0,1,1,1,0,0,1,0,1,0,2025-03-04,3,1,36,0,0,0,0,0,1,0,0,0,0,0,1,1833.3333333333333,1.5,4,Mont Ferrant - Sant Joan
Piso en venta en calle Josep Tarradellas,195000,carrer josep tarradellas,41.66847086092977,2.7857002187800997,52,2,1,1986.0,0,1,0,1,0,0,1,0,1,0,2025-04-07,4,0,2,0,0,0,1,0,0,0,0,0,0,0,1,3750.0,2.0,3,Els Pins
Casa o chalet independiente en venta en calle Sant Damià,885000,carrer sant damià,41.68554361526408,2.806842331103187,376,5,4,1981.0,1,0,1,0,1,1,1,0,1,0,2025-02-26,2,2,42,1,0,0,0,0,0,0,0,1,0,0,0,2353.723404255319,1.25,5,Cala Sant Francesc - Santa Cristina
Piso en venta en avenida Catalunya,155000,avinguda catalunya,41.66736168986042,2.777211594659377,86,3,1,1977.0,0,1,1,1,0,0,0,0,1,0,2025-04-01,4,1,8,0,0,0,1,0,0,0,0,0,0,0,1,1802.3255813953488,3.0,3,Els Pins
"Piso en venta en avenida de l'Estació, 40",188500,"avinguda de l'estació, 40",41.67442458152483,2.7724179129415067,87,3,2,2000.0,1,0,0,1,0,0,1,0,1,0,2025-04-05,4,5,4,0,0,0,0,0,0,1,0,0,0,0,1,2166.6666666666665,1.5,3,Semicentre
"Piso en venta en avenida La Pau, 33",310000,"avinguda la pau, 33",41.68041759140715,2.7904104041318325,105,3,2,1986.0,1,0,1,1,0,0,1,0,1,0,2025-03-01,3,5,39,0,1,0,0,0,0,0,0,0,0,0,1,2952.3809523809523,1.5,4,Centre
"Piso en venta en avenida La Pau, 33",335000,"avinguda la pau, 33",41.68041759140715,2.7904104041318325,113,4,2,1986.0,0,1,1,1,0,0,1,0,1,0,2025-03-01,3,5,39,0,1,0,0,0,0,0,0,0,0,0,1,2964.6017699115046,2.0,4,Centre
"Piso en venta en avenida La Pau, 33",325000,"avinguda la pau, 33",41.68041759140715,2.7904104041318325,105,3,2,1986.0,0,1,1,1,0,0,1,0,1,0,2025-03-01,3,5,39,0,1,0,0,0,0,0,0,0,0,0,1,3095.2380952380954,1.5,4,Centre
"Piso en venta en avenida La Pau, 33",330000,"avinguda la pau, 33",41.68041759140715,2.7904104041318325,110,4,2,1986.0,0,1,1,1,0,0,1,0,1,0,2025-03-01,3,5,39,0,1,0,0,0,0,0,0,0,0,0,1,3000.0,2.0,4,Centre
"Piso en venta en avenida La Pau, 33",330000,"avinguda la pau, 33",41.68041759140715,2.7904104041318325,113,4,2,1986.0,0,1,1,1,0,0,1,0,1,0,2025-03-01,3,5,39,0,1,0,0,0,0,0,0,0,0,0,1,2920.353982300885,2.0,4,Centre
"Piso en venta en avenida La Pau, 33",338000,"avinguda la pau, 33",41.68041759140715,2.7904104041318325,115,3,2,1986.0,0,0,1,1,1,0,1,0,1,0,2025-03-01,3,5,39,0,1,0,0,0,0,0,0,0,0,0,1,2939.1304347826085,1.5,4,Centre
"Piso en venta en avenida La Pau, 33",315000,"avinguda la pau, 33",41.68041759140715,2.7904104041318325,105,3,2,1986.0,0,1,1,1,0,0,1,0,1,0,2025-03-01,3,5,39,0,1,0,0,0,0,0,0,0,0,0,1,3000.0,1.5,4,Centre
Piso en venta en Semicentre,207900,"carrer anselm clavé,62",41.677296,2.7873864,112,3,2,1986.0,1,0,0,1,0,0,0,0,1,0,2025-03-04,3,1,36,0,0,0,0,0,0,1,0,0,0,0,1,1856.25,1.5,2,Semicentre
"Casa o chalet independiente en venta en camino de Santa Cristina, 47",2000000,"carrer camino de santa cristina, 47",41.68572906183521,2.8033969997286405,315,5,5,2008.0,1,0,1,0,1,1,1,0,1,0,2024-12-07,12,5,123,1,0,0,0,0,0,0,0,1,0,0,0,6349.206349206349,1.0,5,Cala Sant Francesc - Santa Cristina
Casa de pueblo en venta en calle de la Unió,310000,carrer de la unió,41.67502847709133,2.7926185697870727,213,5,2,1937.0,1,0,0,0,0,0,0,0,1,0,2024-12-18,12,2,112,0,1,0,0,0,0,0,0,1,0,0,0,1455.3990610328638,2.5,1,Centre
"Chalet pareado en venta en calle de Provença, 1",340000,"carrer de provença, 1",41.67561905639978,2.781819036155578,128,4,2,1986.0,0,0,1,0,1,0,1,0,1,0,2025-02-18,2,1,50,0,0,1,0,0,0,0,0,1,0,0,0,2656.25,2.0,3,Els Pavos
Casa o chalet independiente en venta en calle de la Surera,650000,carrer de la surera,41.691889674036815,2.795310049968309,292,7,3,1980.0,1,0,1,0,1,1,0,0,1,0,2024-10-20,10,6,171,0,0,0,0,0,0,0,1,1,0,0,0,2226.027397260274,2.3333333333333335,4,Urbanitzacions
"Piso en venta en plaza de Catalunya, 1",195000,"plaça de catalunya, 1",41.6726323,2.7900597,127,1,1,1986.0,0,0,0,1,0,0,0,0,0,0,2025-04-01,4,1,8,0,1,0,0,0,0,0,0,0,0,0,1,1535.4330708661416,1.0,1,Centre
Piso en venta en calle Josep Carner,136000,carrer josep carner,41.66837048986316,2.7776464965773737,106,3,2,1979.0,1,0,0,1,0,0,0,0,1,0,2025-03-26,3,2,14,0,0,0,0,1,0,0,0,0,0,0,1,1283.0188679245282,1.5,2,La Plantera
Casa o chalet independiente en venta en Urbanitzacions,485000,carrer urbanitzacions,41.691889674036815,2.795310049968309,190,4,3,1997.0,1,0,1,0,1,1,1,0,1,0,2025-04-04,4,4,5,0,0,0,0,0,0,0,1,1,0,0,0,2552.6315789473683,1.3333333333333333,5,Urbanitzacions
Casa o chalet independiente en venta en Urbanitzacions,325000,carrer urbanitzacions,41.691889674036815,2.795310049968309,222,3,4,1993.0,0,0,0,0,0,0,0,0,1,0,2025-04-04,4,4,5,0,0,0,0,0,0,0,1,1,0,0,0,1463.963963963964,0.75,0,Urbanitzacions
"Casa o chalet en venta en calle de l'Or, 31 -17",130000,"carrer de l'or, 31 -17",41.67481897693837,2.7927762372218945,185,6,3,1958.0,0,0,0,0,0,0,0,0,1,0,2024-11-04,11,0,156,0,1,0,0,0,0,0,0,1,0,0,0,702.7027027027027,2.0,0,Centre
Piso en venta en calle d'Ignasi Iglesias,290000,carrer d'ignasi iglesias,41.6608896929472,2.7817487881108915,105,3,2,1978.0,0,1,0,1,0,1,0,0,1,0,2025-04-01,4,1,8,0,0,0,1,0,0,0,0,0,0,0,1,2761.904761904762,1.5,3,Els Pins
Piso en venta en calle Espronceda,93000,carrer espronceda,41.66841556114663,2.774977175572961,54,1,1,1986.0,0,1,0,1,0,0,0,1,1,0,2025-04-08,4,1,1,0,0,0,0,1,0,0,0,0,0,0,1,1722.2222222222222,1.0,2,La Plantera
Piso en venta en calle del Cadí,177000,carrer del cadí,41.67515087937438,2.7913095396285685,80,4,1,1974.0,0,1,0,1,0,0,0,0,1,0,2025-03-01,3,5,39,0,1,0,0,0,0,0,0,0,0,0,1,2212.5,4.0,2,Centre
Piso en venta en avenida Catalunya,62000,avinguda catalunya,41.66736168986042,2.777211594659377,85,3,1,1986.0,0,0,0,1,0,0,0,1,1,0,2025-03-26,3,2,14,0,0,0,1,0,0,0,0,0,0,0,1,729.4117647058823,3.0,1,Els Pins
Ático en venta en calle d'Alberes,339000,carrer d'alberes,41.6726382507585,2.780861771647733,134,4,2,1997.0,0,1,1,1,0,1,0,0,1,0,2024-09-17,9,1,204,0,0,1,0,0,0,0,0,0,0,0,1,2529.8507462686566,2.0,4,Els Pavos
Piso en venta en La Plantera,180000,carrer béjar,41.66839367930616,2.775473038042611,93,2,1,1980.0,0,1,0,1,0,0,1,0,1,0,2024-09-06,9,4,215,0,0,0,0,1,0,0,0,0,0,0,1,1935.483870967742,2.0,3,La Plantera
Casa o chalet independiente en venta en Cala Sant Francesc - Santa Cristina,790000,carrer de sant francesc,41.68812440873454,2.8021213149376165,268,4,2,2001.0,1,0,0,0,1,1,1,0,1,0,2025-04-08,4,1,1,1,0,0,0,0,0,0,0,1,0,0,0,2947.7611940298507,2.0,4,Cala Sant Francesc - Santa Cristina
Casa o chalet independiente en venta en calle Ferran Soldevila,1400000,carrer ferran soldevila,41.67821110562303,2.7952087854432226,520,5,3,1991.0,0,1,0,0,0,1,1,0,1,0,2024-06-14,6,4,299,0,0,0,0,0,1,0,0,1,0,0,0,2692.3076923076924,1.6666666666666667,3,Mont Ferrant - Sant Joan
Casa o chalet independiente en venta en Cala Sant Francesc - Santa Cristina,2450000,carrer de sant francesc,41.68812440873454,2.8021213149376165,450,11,9,1979.0,1,0,1,0,1,0,0,0,1,0,2024-11-19,11,1,141,1,0,0,0,0,0,0,0,1,0,0,0,5444.444444444444,1.2222222222222223,3,Cala Sant Francesc - Santa Cristina
Casa o chalet independiente en venta en Cala Sant Francesc - Santa Cristina,1800000,carrer de sant francesc,41.68812440873454,2.8021213149376165,350,5,6,1992.0,1,0,1,0,0,1,1,0,1,0,2025-03-07,3,4,33,1,0,0,0,0,0,0,0,1,0,0,0,5142.857142857143,0.8333333333333334,4,Cala Sant Francesc - Santa Cristina
Casa o chalet independiente en venta en Cala Sant Francesc - Santa Cristina,2450000,carrer de sant francesc,41.68812440873454,2.8021213149376165,450,11,9,1979.0,1,0,1,0,1,0,0,0,1,0,2024-11-19,11,1,141,1,0,0,0,0,0,0,0,1,0,0,0,5444.444444444444,1.2222222222222223,3,Cala Sant Francesc - Santa Cristina
Casa o chalet independiente en venta en Cala Sant Francesc - Santa Cristina,1250000,carrer de sant francesc,41.68812440873454,2.8021213149376165,455,4,6,1993.0,1,0,1,0,1,0,0,0,1,0,2024-11-19,11,1,141,1,0,0,0,0,0,0,0,1,0,0,0,2747.252747252747,0.6666666666666666,3,Cala Sant Francesc - Santa Cristina
Piso en venta en Els Pins,300000,carrer vila de paris,41.66407367300141,2.783408558724116,94,3,2,1978.0,1,0,0,1,0,1,0,0,1,0,2024-11-19,11,1,141,0,0,0,1,0,0,0,0,0,0,0,1,3191.4893617021276,1.5,3,Els Pins
Casa o chalet independiente en venta en Cala Sant Francesc - Santa Cristina,1875000,carrer de sant francesc,41.68812440873454,2.8021213149376165,342,6,5,1988.0,0,1,1,0,1,0,0,0,1,0,2024-12-02,12,0,128,1,0,0,0,0,0,0,0,1,0,0,0,5482.456140350877,1.2,3,Cala Sant Francesc - Santa Cristina
Casa o chalet independiente en venta en Cala Sant Francesc - Santa Cristina,1250000,carrer de sant francesc,41.68812440873454,2.8021213149376165,412,4,4,2010.0,1,0,1,0,1,1,1,0,1,0,2025-03-07,3,4,33,1,0,0,0,0,0,0,0,1,0,0,0,3033.980582524272,1.0,5,Cala Sant Francesc - Santa Cristina
Chalet adosado en venta en Centre,695000,carrer ample,41.67454693196272,2.791958077322335,348,3,3,1910.0,0,1,1,0,0,0,0,0,1,0,2024-11-19,11,1,141,0,1,0,0,0,0,0,0,1,0,0,0,1997.1264367816093,1.0,2,Centre
Casa o chalet independiente en venta en Mont Ferrant - Sant Joan,850000,carrer mas vaixeller,41.67847922230874,2.779174254327162,504,7,5,2004.0,1,0,1,0,1,1,1,0,1,0,2024-11-19,11,1,141,0,0,0,0,0,1,0,0,1,0,0,0,1686.5079365079366,1.4,5,Mont Ferrant - Sant Joan
Casa o chalet independiente en venta en Cala Sant Francesc - Santa Cristina,3995000,carrer de sant francesc,41.68812440873454,2.8021213149376165,487,4,4,2023.0,1,0,1,0,1,0,1,0,1,0,2024-11-25,11,0,135,1,0,0,0,0,0,0,0,1,0,0,0,8203.285420944558,1.0,4,Cala Sant Francesc - Santa Cristina
Casa o chalet independiente en venta en Centre,995000,carrer ample,41.67454693196272,2.791958077322335,487,4,6,1986.0,1,0,1,0,1,1,1,0,1,0,2025-03-10,3,0,30,0,1,0,0,0,0,0,0,1,0,0,0,2043.1211498973305,0.6666666666666666,5,Centre
Chalet pareado en venta en Centre,325000,carrer ample,41.67454693196272,2.791958077322335,159,3,1,1989.0,1,0,0,0,0,0,1,0,1,0,2025-02-20,2,3,48,0,1,0,0,0,0,0,0,1,0,0,0,2044.0251572327045,3.0,2,Centre
Piso en venta en Els Pavos,189000,"carrer provença,4",41.67561905639978,2.781819036155578,50,2,1,2008.0,1,0,0,1,0,0,1,0,1,0,2025-04-08,4,1,1,0,0,1,0,0,0,0,0,0,0,0,1,3780.0,2.0,3,Els Pavos
Piso en venta en Semicentre,117000,"carrer anselm clavé,62",41.677296,2.7873864,75,3,1,1986.0,0,1,0,1,0,0,0,0,1,0,2025-04-02,4,2,7,0,0,0,0,0,0,1,0,0,0,0,1,1560.0,3.0,2,Semicentre
Piso en venta en calle Josep Carner,136000,carrer josep carner,41.66837048986316,2.7776464965773737,105,3,2,1986.0,1,0,0,1,0,0,0,0,1,0,2025-03-14,3,4,26,0,0,0,0,1,0,0,0,0,0,0,1,1295.2380952380952,1.5,2,La Plantera
Chalet pareado en venta en calle del Contoliu,460000,carrer del contoliu,41.67457203240447,2.7876348771990314,250,6,3,1957.0,1,0,1,0,1,0,0,0,1,0,2025-03-20,3,3,20,0,1,0,0,0,0,0,0,1,0,0,0,1840.0,2.0,3,Centre
Piso en venta en calle Melilla,129000,carrer melilla,41.687150741268034,2.7951586371948594,96,3,2,1986.0,0,0,0,1,0,0,0,0,1,0,2025-02-28,2,4,40,0,0,0,0,0,0,1,0,0,0,0,1,1343.75,1.5,1,Semicentre
Piso en venta en calle Melilla,129900,carrer melilla,41.687150741268034,2.7951586371948594,110,3,2,1986.0,0,0,0,1,0,0,0,0,1,0,2025-03-01,3,5,39,0,0,0,0,0,0,1,0,0,0,0,1,1180.909090909091,1.5,1,Semicentre
Piso en venta en calle Melilla,132000,carrer melilla,41.687150741268034,2.7951586371948594,100,3,2,1986.0,0,0,0,1,0,0,0,0,1,0,2025-02-28,2,4,40,0,0,0,0,0,0,1,0,0,0,0,1,1320.0,1.5,1,Semicentre
Casa o chalet en venta en calle de la Surera,525000,carrer de la surera,41.691889674036815,2.795310049968309,245,5,3,2012.0,1,0,1,0,0,1,0,0,1,0,2025-03-27,3,3,13,0,0,0,0,0,0,0,1,1,0,0,0,2142.8571428571427,1.6666666666666667,3,Urbanitzacions
Casa o chalet independiente en venta en Cala Sant Francesc - Santa Cristina,836000,carrer de sant francesc,41.68812440873454,2.8021213149376165,386,3,4,2006.0,1,0,1,0,1,1,1,0,1,0,2025-02-25,2,1,43,1,0,0,0,0,0,0,0,1,0,0,0,2165.8031088082903,0.75,5,Cala Sant Francesc - Santa Cristina
Piso en venta en Semicentre,169000,"carrer anselm clavé,62",41.677296,2.7873864,78,2,1,1986.0,0,1,0,1,0,0,0,0,1,0,2025-04-02,4,2,7,0,0,0,0,0,0,1,0,0,0,0,1,2166.6666666666665,2.0,2,Semicentre
Piso en venta en La Plantera,142000,carrer béjar,41.66839367930616,2.775473038042611,58,1,1,2007.0,0,1,0,1,0,0,0,0,1,0,2024-07-05,7,4,278,0,0,0,0,1,0,0,0,0,0,0,1,2448.2758620689656,1.0,2,La Plantera
Casa o chalet independiente en venta en Sant Damian,1500000,carrer sant damian,41.68572906183521,2.8033969997286405,218,4,2,1978.0,1,0,1,0,1,1,0,0,1,0,2024-09-01,9,6,220,1,0,0,0,0,0,0,0,1,0,0,0,6880.733944954129,2.0,4,Cala Sant Francesc - Santa Cristina
Piso en venta en plaza Medellín,120000,plaça medellín,41.667820573804775,2.7742319982362633,64,2,1,1977.0,1,0,0,1,0,0,1,0,0,0,2025-04-01,4,1,8,0,0,0,0,1,0,0,0,0,0,0,1,1875.0,2.0,3,La Plantera
Chalet adosado en venta en Mont Ferrant - Sant Joan,525000,carrer mas vaixeller,41.67847922230874,2.779174254327162,120,3,3,2024.0,1,0,1,0,0,0,0,0,1,0,2025-03-13,3,3,27,0,0,0,0,0,1,0,0,1,0,0,0,4375.0,1.0,2,Mont Ferrant - Sant Joan
Casa o chalet independiente en venta en camino de Sant Pere del Bosc,549000,carrer camino de sant pere del bosc,41.691889674036815,2.795310049968309,146,5,3,1971.0,1,0,1,0,1,0,0,0,1,0,2024-12-02,12,0,128,0,0,0,0,0,0,0,1,1,0,0,0,3760.27397260274,1.6666666666666667,3,Urbanitzacions
Piso en venta en Centre,211600,carrer ample,41.67454693196272,2.791958077322335,93,1,2,1986.0,0,0,0,0,0,0,0,1,1,0,2025-04-02,4,2,7,0,1,0,0,0,0,0,0,0,0,0,1,2275.2688172043013,0.5,0,Centre
Piso en venta en Els Pins,298000,carrer vila de paris,41.66407367300141,2.783408558724116,100,3,2,1978.0,1,0,0,1,0,1,0,0,1,0,2025-04-01,4,1,8,0,0,0,1,0,0,0,0,0,0,0,1,2980.0,1.5,3,Els Pins
Casa o chalet independiente en venta en Semicentre,850000,"carrer anselm clavé,62",41.677296,2.7873864,450,5,5,1986.0,1,0,1,0,1,1,0,0,1,0,2025-03-28,3,4,12,0,0,0,0,0,0,1,0,1,0,0,0,1888.888888888889,1.0,4,Semicentre
Piso en venta en La Plantera,121000,carrer béjar,41.66839367930616,2.775473038042611,56,1,1,1990.0,0,0,1,1,0,0,1,0,1,0,2024-09-03,9,1,218,0,0,0,0,1,0,0,0,0,0,0,1,2160.714285714286,1.0,3,La Plantera
Piso en venta en avenida de l'Estació,188500,avinguda de l'estació,41.67691352648667,2.7798191673324197,95,4,3,2000.0,0,0,0,1,0,0,0,1,1,0,2025-03-29,3,5,11,0,0,0,0,0,0,1,0,0,0,0,1,1984.2105263157894,1.3333333333333333,1,Semicentre
Piso en venta en La Plantera,93000,carrer béjar,41.66839367930616,2.775473038042611,55,1,1,1986.0,0,0,0,0,0,0,0,1,1,0,2025-04-02,4,2,7,0,0,0,0,1,0,0,0,0,0,0,1,1690.909090909091,1.0,0,La Plantera
Casa o chalet independiente en venta en Semicentre,850000,"carrer anselm clavé,62",41.677296,2.7873864,450,5,5,1986.0,1,0,1,0,1,1,0,0,1,0,2025-03-28,3,4,12,0,0,0,0,0,0,1,0,1,0,0,0,1888.888888888889,1.0,4,Semicentre
Chalet adosado en venta en Mont Ferrant - Sant Joan,525000,carrer mas vaixeller,41.67847922230874,2.779174254327162,120,3,3,2024.0,1,0,1,0,0,0,0,0,1,0,2025-03-13,3,3,27,0,0,0,0,0,1,0,0,1,0,0,0,4375.0,1.0,2,Mont Ferrant - Sant Joan
Piso en venta en plaza Medellín,120000,plaça medellín,41.667820573804775,2.7742319982362633,64,2,1,1977.0,1,0,0,1,0,0,1,0,0,0,2025-04-01,4,1,8,0,0,0,0,1,0,0,0,0,0,0,1,1875.0,2.0,3,La Plantera
Piso en venta en La Plantera,121000,carrer béjar,41.66839367930616,2.775473038042611,56,1,1,1990.0,0,0,1,1,0,0,1,0,1,0,2024-09-03,9,1,218,0,0,0,0,1,0,0,0,0,0,0,1,2160.714285714286,1.0,3,La Plantera
Casa o chalet independiente en venta en calle Mirador de la Cala,1200000,carrer mirador de la cala,41.68158738092193,2.809054331191985,299,5,4,1984.0,1,0,1,0,0,0,0,0,1,0,2024-09-01,9,6,220,1,0,0,0,0,0,0,0,1,0,0,0,4013.3779264214045,1.25,2,Cala Sant Francesc - Santa Cristina
Casa o chalet independiente en venta en Cala Sant Francesc - Santa Cristina,1378000,carrer de sant francesc,41.68812440873454,2.8021213149376165,297,5,5,2001.0,1,0,1,0,1,1,1,0,0,0,2025-01-27,1,0,72,1,0,0,0,0,0,0,0,1,0,0,0,4639.73063973064,1.0,5,Cala Sant Francesc - Santa Cristina
Piso en venta en Els Pavos,339000,"carrer provença,4",41.67561905639978,2.781819036155578,134,4,2,1997.0,1,0,1,1,0,1,0,0,1,0,2024-11-07,11,3,153,0,0,1,0,0,0,0,0,0,0,0,1,2529.8507462686566,2.0,4,Els Pavos
Casa o chalet independiente en venta en Cala Sant Francesc - Santa Cristina,955000,carrer de sant francesc,41.68812440873454,2.8021213149376165,425,4,4,2002.0,1,0,1,0,1,1,1,0,1,0,2025-03-20,3,3,20,1,0,0,0,0,0,0,0,1,0,0,0,2247.0588235294117,1.0,5,Cala Sant Francesc - Santa Cristina
Piso en venta en Els Pins,170000,carrer vila de paris,41.66407367300141,2.783408558724116,85,4,1,1981.0,0,1,0,1,0,0,1,0,1,0,2024-06-12,6,2,301,0,0,0,1,0,0,0,0,0,0,0,1,2000.0,4.0,3,Els Pins
Piso en venta en Els Pavos,157000,"carrer provença,4",41.67561905639978,2.781819036155578,83,3,2,1986.0,0,0,0,0,0,0,0,1,1,0,2025-04-04,4,4,5,0,0,1,0,0,0,0,0,0,0,0,1,1891.566265060241,1.5,0,Els Pavos
Casa o chalet en venta en calle Cardenal Vidal i Barraquer,900000,carrer cardenal vidal i barraquer,41.68005694702455,2.788394367465156,205,4,2,1989.0,0,0,1,0,0,1,0,0,1,0,2025-03-05,3,2,35,0,0,0,0,0,1,0,0,1,0,0,0,4390.243902439024,2.0,2,Mont Ferrant - Sant Joan
Casa o chalet independiente en venta en calle Cardenal Vidal i Barraquer,900000,carrer cardenal vidal i barraquer,41.68005694702455,2.788394367465156,170,4,2,1986.0,1,0,1,0,1,1,1,0,1,0,2025-04-03,4,3,6,0,0,0,0,0,1,0,0,1,0,0,0,5294.117647058823,2.0,5,Mont Ferrant - Sant Joan
Piso en venta en Els Pins,186000,carrer vila de paris,41.66407367300141,2.783408558724116,54,1,1,2002.0,1,0,0,1,0,1,1,0,1,0,2025-04-07,4,0,2,0,0,0,1,0,0,0,0,0,0,0,1,3444.4444444444443,1.0,4,Els Pins
Piso en venta en La Plantera,240000,carrer béjar,41.66839367930616,2.775473038042611,116,3,2,1986.0,1,0,1,1,0,0,0,0,1,0,2025-04-01,4,1,8,0,0,0,0,1,0,0,0,0,0,0,1,2068.9655172413795,1.5,3,La Plantera
Piso en venta en La Plantera,150000,carrer béjar,41.66839367930616,2.775473038042611,139,4,1,1986.0,1,0,0,1,0,0,0,0,1,0,2025-04-07,4,0,2,0,0,0,0,1,0,0,0,0,0,0,1,1079.136690647482,4.0,2,La Plantera
Casa o chalet independiente en venta en Urbanitzacions,691900,carrer urbanitzacions,41.691889674036815,2.795310049968309,349,5,3,1986.0,1,0,1,0,1,1,0,0,1,0,2024-10-06,10,6,185,0,0,0,0,0,0,0,1,1,0,0,0,1982.5214899713467,1.6666666666666667,4,Urbanitzacions
Piso en venta en avenida Vila de Madrid,230000,avinguda vila de madrid,41.65688477128467,2.7789646683159557,87,2,1,1981.0,1,0,1,1,0,1,1,0,1,0,2025-03-10,3,0,30,0,0,0,1,0,0,0,0,0,0,0,1,2643.67816091954,2.0,5,Els Pins
Piso en venta en Centre,160000,carrer ample,41.67454693196272,2.791958077322335,78,3,1,1942.0,0,0,0,1,0,0,0,0,1,0,2025-04-02,4,2,7,0,1,0,0,0,0,0,0,0,0,0,1,2051.2820512820513,3.0,1,Centre
Piso en venta en calle Josep Carner,99000,carrer josep carner,41.66837048986316,2.7776464965773737,86,3,1,1978.0,0,0,0,1,0,0,0,0,1,0,2025-03-23,3,6,17,0,0,0,0,1,0,0,0,0,0,0,1,1151.1627906976744,3.0,1,La Plantera
Dúplex en venta en calle de Cristòfor Colom,294000,carrer de cristòfor colom,41.65915623519233,2.7791701424623447,58,2,2,2001.0,1,0,0,1,0,1,1,0,1,0,2025-01-28,1,1,71,0,0,0,1,0,0,0,0,0,0,0,1,5068.9655172413795,1.0,4,Els Pins
Chalet adosado en venta en calle de Raval,550000,carrer de raval,41.67651690114528,2.7922850047117125,360,5,4,2009.0,0,0,0,0,0,0,0,0,1,0,2025-03-08,3,5,32,0,1,0,0,0,0,0,0,1,0,0,0,1527.7777777777778,1.25,0,Centre
Casa o chalet independiente en venta en Cala Sant Francesc - Santa Cristina,3100000,carrer de sant francesc,41.68812440873454,2.8021213149376165,505,5,5,2021.0,1,0,1,0,1,1,1,0,1,0,2025-01-09,1,3,90,1,0,0,0,0,0,0,0,1,0,0,0,6138.6138613861385,1.0,5,Cala Sant Francesc - Santa Cristina
Casa o chalet independiente en venta en Cala Sant Francesc - Santa Cristina,1250000,carrer de sant francesc,41.68812440873454,2.8021213149376165,455,4,5,1986.0,1,0,1,0,1,1,1,0,1,0,2025-03-13,3,3,27,1,0,0,0,0,0,0,0,1,0,0,0,2747.252747252747,0.8,5,Cala Sant Francesc - Santa Cristina
Piso en venta en La Plantera,125000,carrer béjar,41.66839367930616,2.775473038042611,53,1,1,1992.0,0,0,1,1,0,0,0,0,1,0,2025-03-20,3,3,20,0,0,0,0,1,0,0,0,0,0,0,1,2358.490566037736,1.0,2,La Plantera
Piso en venta en avenida Catalunya,108000,avinguda catalunya,41.68368089969945,2.7928017639573333,74,4,2,1986.0,0,0,0,1,0,0,0,1,0,0,2025-02-27,2,3,41,0,0,0,0,1,0,0,0,0,0,0,1,1459.4594594594594,2.0,1,La Plantera
Piso en venta en La Plantera,135000,carrer béjar,41.66839367930616,2.775473038042611,70,3,1,1986.0,0,1,0,1,0,0,1,0,1,0,2025-04-03,4,3,6,0,0,0,0,1,0,0,0,0,0,0,1,1928.5714285714287,3.0,3,La Plantera
Piso en venta en calle del Pare Puig,129000,carrer del pare puig,41.67813362601008,2.7861791900755626,76,3,1,1976.0,0,0,0,1,0,0,0,0,1,0,2025-03-18,3,1,22,0,0,0,0,0,0,1,0,0,0,0,1,1697.3684210526317,3.0,1,Semicentre
Dúplex en venta en calle de la Vila de Lloret,350000,carrer de la vila de lloret,41.688336306084,2.801692710651307,190,5,2,1986.0,1,0,0,1,0,0,0,0,1,0,2025-02-12,2,2,56,0,0,0,0,0,1,0,0,0,0,0,1,1842.1052631578948,2.5,2,Mont Ferrant - Sant Joan
Casa o chalet en venta en Centre,395000,carrer ample,41.67454693196272,2.791958077322335,127,4,4,1964.0,1,0,0,0,0,0,1,0,1,0,2025-03-27,3,3,13,0,1,0,0,0,0,0,0,1,0,0,0,3110.236220472441,1.0,2,Centre
Casa o chalet independiente en venta en Cala Sant Francesc - Santa Cristina,1470000,carrer de sant francesc,41.68812440873454,2.8021213149376165,292,4,2,2000.0,1,0,1,0,1,1,0,0,1,0,2025-04-03,4,3,6,1,0,0,0,0,0,0,0,1,0,0,0,5034.246575342466,2.0,4,Cala Sant Francesc - Santa Cristina
Casa o chalet en venta en Mont Ferrant - Sant Joan,3200000,carrer mas vaixeller,41.67847922230874,2.779174254327162,400,4,3,1981.0,1,0,1,0,1,1,0,0,1,0,2025-03-13,3,3,27,0,0,0,0,0,1,0,0,1,0,0,0,8000.0,1.3333333333333333,4,Mont Ferrant - Sant Joan
Chalet adosado en venta en travesía Antiga,570000,carrer travesía antiga,41.67515087937438,2.7913095396285685,421,5,4,2008.0,1,0,1,0,0,0,0,0,1,0,2024-12-04,12,2,126,0,1,0,0,0,0,0,0,1,0,0,0,1353.9192399049882,1.25,2,Centre
Casa o chalet en venta en Cala Sant Francesc - Santa Cristina,529000,carrer de sant francesc,41.68812440873454,2.8021213149376165,207,5,3,1988.0,0,0,1,0,0,1,0,0,1,0,2025-04-01,4,1,8,1,0,0,0,0,0,0,0,1,0,0,0,2555.5555555555557,1.6666666666666667,2,Cala Sant Francesc - Santa Cristina
Dúplex en venta en calle de la Vila de Lloret,350000,carrer de la vila de lloret,41.688336306084,2.801692710651307,190,5,2,1986.0,1,0,0,1,0,0,0,0,1,0,2025-02-12,2,2,56,0,0,0,0,0,1,0,0,0,0,0,1,1842.1052631578948,2.5,2,Mont Ferrant - Sant Joan
Casa o chalet en venta en Mont Ferrant - Sant Joan,549000,carrer mas vaixeller,41.67847922230874,2.779174254327162,180,5,4,1971.0,0,0,1,0,1,0,0,0,1,0,2025-04-01,4,1,8,0,0,0,0,0,1,0,0,1,0,0,0,3050.0,1.25,2,Mont Ferrant - Sant Joan
Casa o chalet independiente en venta en Cala Sant Francesc - Santa Cristina,3600000,carrer de sant francesc,41.68812440873454,2.8021213149376165,295,4,5,1983.0,1,0,1,0,1,0,0,0,1,0,2025-04-03,4,3,6,1,0,0,0,0,0,0,0,1,0,0,0,12203.389830508475,0.8,3,Cala Sant Francesc - Santa Cristina
Piso en venta en calle Espronceda,112000,carrer espronceda,41.66841556114663,2.774977175572961,54,1,1,2007.0,0,0,0,1,0,0,1,0,1,0,2025-02-18,2,1,50,0,0,0,0,1,0,0,0,0,0,0,1,2074.074074074074,1.0,2,La Plantera
Chalet pareado en venta en calle de Raval,425000,carrer de raval,41.67651690114528,2.7922850047117125,280,4,3,2002.0,1,0,0,0,0,0,0,0,1,0,2025-04-08,4,1,1,0,1,0,0,0,0,0,0,1,0,0,0,1517.857142857143,1.3333333333333333,1,Centre
Piso en venta en Els Pins,280000,carrer vila de paris,41.66407367300141,2.783408558724116,88,3,2,1967.0,1,0,0,1,0,0,1,0,1,0,2025-04-07,4,0,2,0,0,0,1,0,0,0,0,0,0,0,1,3181.818181818182,1.5,3,Els Pins
Casa o chalet independiente en venta en Cala Sant Francesc - Santa Cristina,1250000,carrer de sant francesc,41.68812440873454,2.8021213149376165,455,4,6,1993.0,1,0,1,0,1,0,1,0,1,0,2025-03-28,3,4,12,1,0,0,0,0,0,0,0,1,0,0,0,2747.252747252747,0.6666666666666666,4,Cala Sant Francesc - Santa Cristina
Piso en venta en La Plantera,145000,carrer béjar,41.66839367930616,2.775473038042611,64,2,1,1970.0,0,1,0,1,0,1,1,0,1,0,2025-03-13,3,3,27,0,0,0,0,1,0,0,0,0,0,0,1,2265.625,2.0,4,La Plantera
Piso en venta en Semicentre,207900,"carrer anselm clavé,62",41.677296,2.7873864,112,3,2,1986.0,0,1,0,1,0,0,1,0,1,0,2025-03-02,3,6,38,0,0,0,0,0,0,1,0,0,0,0,1,1856.25,1.5,3,Semicentre
Casa o chalet independiente en venta en Cala Sant Francesc - Santa Cristina,990000,carrer de sant francesc,41.68812440873454,2.8021213149376165,174,5,3,1980.0,1,0,1,0,1,0,0,0,1,0,2025-04-03,4,3,6,1,0,0,0,0,0,0,0,1,0,0,0,5689.6551724137935,1.6666666666666667,3,Cala Sant Francesc - Santa Cristina
Casa o chalet en venta en Cala Sant Francesc - Santa Cristina,1275000,carrer de sant francesc,41.68812440873454,2.8021213149376165,412,3,3,2010.0,1,0,1,0,1,1,1,0,1,0,2025-04-07,4,0,2,1,0,0,0,0,0,0,0,1,0,0,0,3094.660194174757,1.0,5,Cala Sant Francesc - Santa Cristina
Casa o chalet independiente en venta en Cala Sant Francesc - Santa Cristina,2450000,carrer de sant francesc,41.68812440873454,2.8021213149376165,389,11,9,1979.0,1,0,1,0,1,0,0,0,1,0,2025-04-03,4,3,6,1,0,0,0,0,0,0,0,1,0,0,0,6298.200514138817,1.2222222222222223,3,Cala Sant Francesc - Santa Cristina
Piso en venta en Centre,167000,carrer ample,41.67454693196272,2.791958077322335,78,3,1,1942.0,0,1,0,1,0,0,0,0,1,0,2025-03-13,3,3,27,0,1,0,0,0,0,0,0,0,0,0,1,2141.025641025641,3.0,2,Centre
Piso en venta en Els Pavos,189000,"carrer provença,4",41.67561905639978,2.781819036155578,55,2,1,2008.0,0,0,0,1,0,0,0,0,1,0,2025-03-31,3,0,9,0,0,1,0,0,0,0,0,0,0,0,1,3436.3636363636365,2.0,1,Els Pavos
Casa o chalet independiente en venta en Urbanitzacions,525000,carrer urbanitzacions,41.691889674036815,2.795310049968309,302,5,3,2012.0,1,0,1,0,1,1,1,0,1,0,2025-03-19,3,2,21,0,0,0,0,0,0,0,1,1,0,0,0,1738.41059602649,1.6666666666666667,5,Urbanitzacions
Casa o chalet en venta en Urbanitzacions,525000,carrer urbanitzacions,41.691889674036815,2.795310049968309,338,5,3,1986.0,0,0,1,0,1,1,0,0,1,0,2025-04-03,4,3,6,0,0,0,0,0,0,0,1,1,0,0,0,1553.2544378698226,1.6666666666666667,3,Urbanitzacions
Casa o chalet independiente en venta en Cala Sant Francesc - Santa Cristina,1000000,carrer de sant francesc,41.68812440873454,2.8021213149376165,299,5,4,1986.0,1,0,1,0,1,1,1,0,1,0,2025-01-09,1,3,90,1,0,0,0,0,0,0,0,1,0,0,0,3344.4816053511704,1.25,5,Cala Sant Francesc - Santa Cristina
Piso en venta en Semicentre,160000,"carrer anselm clavé,62",41.677296,2.7873864,70,2,1,1971.0,1,0,0,1,0,0,0,0,1,0,2025-04-03,4,3,6,0,0,0,0,0,0,1,0,0,0,0,1,2285.714285714286,2.0,2,Semicentre
Casa o chalet independiente en venta en Cala Sant Francesc - Santa Cristina,2000000,carrer de sant francesc,41.68812440873454,2.8021213149376165,473,4,5,1986.0,1,0,1,0,1,1,1,0,1,0,2025-03-29,3,5,11,1,0,0,0,0,0,0,0,1,0,0,0,4228.329809725158,0.8,5,Cala Sant Francesc - Santa Cristina
Casa o chalet independiente en venta en Cala Sant Francesc - Santa Cristina,955000,carrer de sant francesc,41.68812440873454,2.8021213149376165,297,6,4,1986.0,1,0,1,0,1,1,1,0,1,0,2025-01-09,1,3,90,1,0,0,0,0,0,0,0,1,0,0,0,3215.4882154882157,1.5,5,Cala Sant Francesc - Santa Cristina
"Piso en venta en avenida del Mediterrani, 9",129800,"avinguda del mediterrani, 9",41.666007050000005,2.78083,48,1,1,1986.0,1,0,1,1,0,1,0,0,1,0,2025-04-05,4,5,4,0,0,0,1,0,0,0,0,0,0,0,1,2704.1666666666665,1.0,4,Els Pins
Casa o chalet independiente en venta en Centre,850000,carrer ample,41.67454693196272,2.791958077322335,347,6,3,1989.0,1,0,1,0,1,0,0,0,1,0,2025-04-03,4,3,6,0,1,0,0,0,0,0,0,1,0,0,0,2449.5677233429396,2.0,3,Centre
Casa o chalet en venta en Urbanitzacions,525000,carrer urbanitzacions,41.691889674036815,2.795310049968309,837,5,3,1986.0,1,0,1,0,1,1,0,0,1,0,2025-04-04,4,4,5,0,0,0,0,0,0,0,1,1,0,0,0,627.2401433691756,1.6666666666666667,4,Urbanitzacions
Piso en venta en calle Francolí,118000,carrer francolí,41.69313025,2.7969916,70,2,1,1986.0,0,0,0,1,0,0,0,0,1,0,2025-03-02,3,6,38,0,0,0,0,0,0,0,1,0,0,0,1,1685.7142857142858,2.0,1,Urbanitzacions
Piso en venta en Semicentre,207900,"carrer anselm clavé,62",41.677296,2.7873864,112,3,2,1986.0,0,1,0,1,0,0,1,0,1,0,2025-03-02,3,6,38,0,0,0,0,0,0,1,0,0,0,0,1,1856.25,1.5,3,Semicentre
Casa o chalet independiente en venta en Centre,500000,carrer ample,41.67454693196272,2.791958077322335,96,3,3,1940.0,1,0,0,0,0,0,1,0,1,0,2024-07-19,7,4,264,0,1,0,0,0,0,0,0,1,0,0,0,5208.333333333333,1.0,2,Centre
Casa o chalet independiente en venta en Cala Sant Francesc - Santa Cristina,1380000,carrer de sant francesc,41.68812440873454,2.8021213149376165,298,4,2,1980.0,1,0,0,0,1,1,1,0,1,0,2024-09-21,9,5,200,1,0,0,0,0,0,0,0,1,0,0,0,4630.872483221477,2.0,4,Cala Sant Francesc - Santa Cristina
Piso en venta en calle Alt,160000,carrer alt,41.67931025,2.78812605,73,2,1,1971.0,1,0,0,1,0,0,0,0,1,0,2025-03-06,3,3,34,0,0,0,0,0,0,1,0,0,0,0,1,2191.780821917808,2.0,2,Semicentre
Piso en venta en calle d'Ignasi Iglesias,299000,carrer d'ignasi iglesias,41.6608896929472,2.7817487881108915,94,3,2,1978.0,1,0,0,1,0,0,0,0,1,0,2025-04-03,4,3,6,0,0,0,1,0,0,0,0,0,0,0,1,3180.851063829787,1.5,2,Els Pins
Piso en venta en calle del Sol Ixent,154000,carrer del sol ixent,41.67915500123253,2.7856055008331873,60,2,1,2008.0,0,1,0,1,0,0,1,0,1,0,2025-03-29,3,5,11,0,0,0,0,0,0,1,0,0,0,0,1,2566.6666666666665,2.0,3,Semicentre
Piso en venta en Els Pins,200000,carrer vila de paris,41.66407367300141,2.783408558724116,52,1,1,1987.0,1,0,0,1,0,1,0,0,1,0,2025-04-07,4,0,2,0,0,0,1,0,0,0,0,0,0,0,1,3846.153846153846,1.0,3,Els Pins
Piso en venta en calle Jaume I,133000,carrer jaume i,41.67760127355612,2.7900995828621684,101,3,1,1986.0,0,0,0,1,0,0,0,1,1,0,2025-04-02,4,2,7,0,1,0,0,0,0,0,0,0,0,0,1,1316.8316831683169,3.0,1,Centre
Casa o chalet independiente en venta en Cala Sant Francesc - Santa Cristina,950000,carrer de sant francesc,41.68885595,2.80214255,344,4,3,1999.0,1,0,0,0,1,1,1,0,1,0,2024-09-21,9,5,200,1,0,0,0,0,0,0,0,1,0,0,0,2761.6279069767443,1.3333333333333333,4,Cala Sant Francesc - Santa Cristina
Casa o chalet independiente en venta en Urbanitzacions,520000,carrer urbanitzacions,41.691889674036815,2.795310049968309,190,3,3,1997.0,1,0,1,0,1,1,0,0,1,0,2025-01-29,1,2,70,0,0,0,0,0,0,0,1,1,0,0,0,2736.842105263158,1.0,4,Urbanitzacions
Piso en venta en calle Túria,79500,carrer túria,41.692846,2.7975054,63,2,1,1986.0,0,0,0,1,0,0,0,1,1,0,2025-03-14,3,4,26,0,0,0,0,0,0,0,1,0,0,0,1,1261.904761904762,2.0,1,Urbanitzacions
Piso en venta en Centre,760000,carrer ample,41.67454693196272,2.791958077322335,150,3,3,1973.0,0,0,0,1,0,0,1,0,1,0,2025-04-02,4,2,7,0,1,0,0,0,0,0,0,0,0,0,1,5066.666666666667,1.0,2,Centre
Casa o chalet independiente en venta en Cala Sant Francesc - Santa Cristina,1600000,carrer de sant francesc,41.68885595,2.80214255,455,3,6,1993.0,1,0,1,0,1,1,1,0,1,0,2024-08-08,8,3,244,1,0,0,0,0,0,0,0,1,0,0,0,3516.4835164835163,0.5,5,Cala Sant Francesc - Santa Cristina
Piso en venta en Mont Ferrant - Sant Joan,80000,carrer mas vaixeller,41.67739235958661,2.7796335403619707,39,1,1,2007.0,0,0,0,1,0,0,0,0,1,0,2025-03-11,3,1,29,0,0,0,0,0,1,0,0,0,0,0,1,2051.2820512820513,1.0,1,Mont Ferrant - Sant Joan
Piso en venta en calle Espronceda,112000,carrer espronceda,41.66841556114663,2.774977175572961,50,1,1,2007.0,0,0,0,1,0,1,1,0,1,0,2025-01-28,1,1,71,0,0,0,0,1,0,0,0,0,0,0,1,2240.0,1.0,3,La Plantera
Chalet adosado en venta en calle dels Olivers,399500,carrer dels olivers,41.66658074499602,2.7819321619823683,65,3,3,1993.0,1,0,0,0,0,0,0,0,1,0,2025-04-03,4,3,6,0,0,0,1,0,0,0,0,1,0,0,0,6146.153846153846,1.0,1,Els Pins
Casa o chalet independiente en venta en Cala Sant Francesc - Santa Cristina,836000,carrer de sant francesc,41.68885595,2.80214255,386,4,4,2006.0,1,0,1,0,1,1,0,0,1,0,2025-04-05,4,5,4,1,0,0,0,0,0,0,0,1,0,0,0,2165.8031088082903,1.0,4,Cala Sant Francesc - Santa Cristina
Chalet adosado en venta en calle del Bellaire,289000,carrer del bellaire,41.6745209,2.7906187,104,2,3,1982.0,0,0,0,0,0,0,1,0,1,0,2025-04-03,4,3,6,0,1,0,0,0,0,0,0,1,0,0,0,2778.846153846154,0.6666666666666666,1,Centre
Chalet adosado en venta en Centre,390000,carrer ample,41.67454693196272,2.791958077322335,177,7,4,1986.0,1,0,0,0,0,0,0,0,1,0,2025-02-08,2,5,60,0,1,0,0,0,0,0,0,1,0,0,0,2203.3898305084745,1.75,1,Centre
Chalet adosado en venta en Semicentre,725000,"carrer anselm clavé,62",41.677296,2.7873864,924,7,3,1986.0,0,1,0,0,0,1,0,0,1,0,2025-02-06,2,3,62,0,0,0,0,0,0,1,0,1,0,0,0,784.6320346320347,2.3333333333333335,2,Semicentre
Casa o chalet independiente en venta en paseo de Carles Faust,3300000,passeig de carles faust,41.675882574372025,2.801212791287493,295,5,4,1983.0,1,0,1,0,1,0,0,0,1,0,2025-04-08,4,1,1,1,0,0,0,0,0,0,0,1,0,0,0,11186.440677966102,1.25,3,Cala Sant Francesc - Santa Cristina
Casa o chalet en venta en Centre,862000,carrer ample,41.67454693196272,2.791958077322335,460,6,2,1986.0,1,0,1,0,1,0,1,0,1,0,2025-04-07,4,0,2,0,1,0,0,0,0,0,0,1,0,0,0,1873.9130434782608,3.0,4,Centre
