id,precio
99414546,950000
105695042,399000
101649801,185000
106085382,138000
107462066,145000
104743329,525000
107823126,365000
106571650,169000
107032746,239000
107135690,179000
106994292,1950000
106894158,1950000
104237394,1850000
107740256,148000
107667901,195000
107195508,340000
106525197,399000
104618889,3950000
104237407,2000000
103322344,125000
107418846,1950000
106641411,425000
104965231,298000
105976982,650000
104545302,315000
105686427,210000
107818817,525000
107270193,365000
105521426,1000000
107218287,240000
103970815,525000
107723779,650000
103723972,599000
105914704,325000
98639330,179000
107577778,158000
107787823,215000
107678858,279000
100512656,695000
102005254,108800
107935314,229000
106284091,155000
107447140,207900
95453945,598000
107357171,189000
106105742,154000
107302144,179000
100599137,990000
107602616,265000
107703825,236000
106095454,117500
107129724,189000
106749882,598000
107071127,207000
104704367,650000
105013902,116000
101372511,250000
106792099,210000
107389173,245000
106678280,181250
25140690,990000
100991782,2910000
106678268,237800
105980095,127500
102270660,695000
103851635,2450000
104237602,3500000
104394034,1500000
106680514,340000
107331547,159000
106784056,1290000
107840878,138000
106678254,279000
107593919,245000
107800623,260000
105031315,264000
107596128,760000
107953192,499000
107935080,260000
106477670,2910000
107695631,760000
106453507,1875000
107810467,195000
107087777,398000
86065026,750000
106605154,1200000
107954870,229000
105525318,3300000
106826959,435000
106962223,398000
106855931,399000
106313470,159000
107889512,499000
25140687,900000
105801909,599000
89217347,1800000
93698940,700000
106428250,525000
104358333,1280000
104357332,389000
97374427,800000
99092519,1100000
103443340,124400
106147141,183500
107882838,148000
105924292,650000
107768048,127000
107838108,122000
105232182,166000
106379788,223000
107248239,1500000
93870643,885000
105301438,598000
107784772,166000
102386146,790000
103261185,870000
106917133,249500
107887308,695000
106097146,180000
107593558,196000
82521187,1800000
103435797,126000
106680542,169000
104707702,340000
96993611,525000
94354534,850000
107179625,95000
106917133,249500
107545382,1250000
88462318,2100000
107593558,196000
106351627,228000
103413318,1600000
107655264,400000
105640882,180000
107820926,265000
104241846,140000
104579842,135000
107787866,199500
102541083,120000
106251621,155000
106710899,900000
107512399,240000
104942296,298000
106461756,134000
104214425,143000
107741512,138000
103969954,125000
106957900,1950000
107909792,295000
107170718,120000
105537754,1950000
107618823,187000
107024585,159000
101757258,80000
97272372,836000
107100794,169000
106543801,570000
106672392,384000
107654934,289000
97430016,384000
105215829,740000
107462509,158000
107233220,850000
107876290,121900
107827758,150000
107445935,149000
107899237,890000
105755143,295000
106428666,399000
107677603,135000
107622689,84000
107086850,183750
107370219,228000
104857148,246000
103240927,2450000
95349560,335000
27096968,2000000
105939290,340000
107242979,1800000
107704254,155000
103284139,570000
98046676,305000
107209209,190000
107557814,135000
107030407,150500
107197177,185000
84716958,695000
107322861,186000
106678281,372000
106678262,263600
106678055,286400
106678255,449800
96978683,170000
107813939,355000
107775085,75000
107031846,140000
107187722,220000
99854554,350000
107937077,180000
107354582,129500
107979982,650000
107502478,129900
107352254,335000
107352270,310000
107352318,325000
107352286,338000
107352271,330000
107352255,330000
107352317,315000
106530176,485000
101620157,2000000
104680681,310000
106971992,207900
105011526,136000
105852802,340000
101218645,650000
106456041,290000
106166495,130000
98141833,885000
106267648,93000
105540147,62000
105855583,180000
107638081,325000
107931358,750000
107842441,188500
84101157,1400000
107880797,339000
107871216,129500
105530830,1250000
105520707,2450000
105521870,1800000
101127726,114500
93080060,166000
107059774,120000
105714238,695000
106309624,195000
93912489,81600
105530754,850000
107358879,325000
92757239,91600
105714238,695000
105530754,850000
105560405,300000
106309624,195000
105525174,1875000
106562019,485000
101895549,89200
107424869,836000
107802553,207000
107267336,365000
106797287,129000
105074185,525000
106707985,435000
107637536,119000
105849742,650000
107204297,246000
97019309,525000
106896732,485000
107919664,249000
105183103,395000
105945451,138000
107716430,295000
86195608,140000
105833395,500000
107772711,340000
94436165,1850000
101601298,61000
94649893,74000
105527268,335000
88661622,140000
101601298,61000
105527268,335000
107690323,460000
107867635,92500
107961550,92500
104266041,695000
107835972,790000
105359433,136000
106714860,900000
27022334,850000
106966082,850000
97084062,550000
107139246,388000
107170945,850000
96354875,395000
106304278,155000
107885071,499000
103930734,1000000
105424863,500000
107533821,315000
107082075,375000
31919470,850000
106077103,1200000
107163300,131250
107352218,377200
106915916,75000
104993029,790000
107376236,250000
104166530,397000
105706051,700000
30944167,1950000
105055940,955000
107600455,1550000
107085935,183750
105520741,1490000
94752685,465000
105530789,650000
107457414,352000
107908471,118500
107765625,268000
105815891,210000
37471730,599000
101601593,90000
101601592,85500
104719266,298000
107913249,194000
106748858,160000
107955160,141400
107314296,79000
106668685,330000
107236465,145000
107361025,140000
107898276,355000
91614604,1875000
106391635,179500
96855348,525000
106915334,108000
107857219,127000
106421320,75000
106421320,75000
96855348,525000
91614604,1875000
107180289,425000
107798315,127000
97496727,1250000
104450813,136000
102291131,179000
107875632,525000
105613805,125000
101775670,1500000
102633199,695000
99591593,1850000
102968605,93000
92493175,3300000
104853672,121000
96938499,170000
84717034,850000
103241842,298000
106723900,399500
106495767,549000
101645842,900000
101352207,157000
100802248,339000
106164451,339000
107793564,169000
93390529,1378000
104432776,170000
107935694,445000
106218771,955000
101645842,900000
101895692,111500
96668692,691900
106323088,160000
105328252,230000
106776457,294000
107611610,165000
105727287,550000
104891474,99800
83078892,1250000
107598911,425000
107559171,260000
105184713,108000
93131531,3100000
105074217,570000
97506929,1470000
106508417,350000
107159194,179500
107931871,320000
100524091,440000
105238613,112000
107306082,135000
103327219,3600000
106432062,529000
106596274,425000
102050592,3200000
106431999,549000
103711442,125000
96997688,395000
107379213,157500
97506810,850000
107159391,310000
106432041,525000
101236339,145000
105180280,114500
106446744,525000
107791846,212000
105491027,1000000
106798173,188500
107210943,207900
104695511,525000
107545178,189000
103774517,1250000
100907968,2000000
97506846,990000
106308391,167000
105996155,525000
103268489,2450000
96817225,1275000
107605528,180000
107808470,240000
107183011,118000
105455345,955000
107689625,759000
96536735,1600000
96536726,950000
102207056,133000
96536781,1380000
105528338,500000
107553137,160000
96536735,1600000
107553137,160000
105528338,500000
102207056,133000
96536726,950000
106792226,399500
105113786,80000
105410113,112000
107020128,160000
107279628,289000
90876563,95000
100579384,390000
106803037,176000
107757063,499000
107803510,169000
106608608,103000
93176741,525000
106410379,75000
103479370,725000
106970245,215000
103592721,862000
106427741,295000
107219181,96000
107218564,134400
107901037,295000
105573901,85000
106323262,331000
107894422,146000
107695613,129800
106458610,175000
107563379,650000
106461214,399000
106323201,300000
106632647,228000
107695613,129800
107636857,179000
107894422,146000
106458610,175000
107712678,155000
106723952,525000
87962217,125000
106680226,190000
33950034,1850000
101601294,90000
106552955,299500
102281305,585000
101601295,90000
107660224,280000
106258735,155000
107660260,195000
103211522,590000
106959641,340000
106815353,187000
107906196,295000
94435970,790000
101125919,124000
107660249,325000
84717088,525000
87760687,1500000
107785164,93000
107906196,295000
106841401,173000
107577466,836000
107149396,525000
106358090,599000
106084797,850000
105811124,174000
106788262,170000
104810242,211600
106839668,178500
107800125,240000
107910832,336000
107910061,189000
107617874,129000
106357861,880000
97506790,1850000
99423853,185000
106915348,500000
105377058,48000
96887760,1850000
106915917,75000
107501977,192400
87561504,950000
106914604,162000
106915137,52000
107169890,207900
107501960,180000
105622634,290000
106797519,495000
103985736,335000
107058477,132000
96536723,1850000
107128280,160000
106915406,159600
105403775,105000
107785210,161000
107058579,132000
105113772,82000
106432113,199500
107379133,145000
107747153,268000
107287376,103000
99149958,375000
104891505,69600
107924431,240000
106085172,198000
107265615,103000
107124812,154000
102717688,48000
106452912,399000
104912979,108000
106657420,135000
103163058,65200
106658230,118400
37352400,998000
104890661,125000
104913859,65200
106435407,180000
105794881,500000
105721389,385000
104913859,65200
103163058,65200
106140316,135000
104890661,125000
107170976,1000000
106608506,146000
106364526,75000
105617924,63300
104889541,72000
104025910,192400
104891099,106300
38758293,979400
106942582,135000
105529410,52000
107265663,87000
104888437,93200
106657305,63300
103130064,138500
106176728,162000
96536669,1500000
104890990,138500
106704466,180000
105582486,89300
107501225,89300
104889877,109700
102828466,159600
105181565,165000
33951235,1850000
106907753,194000
99448869,315000
103078870,1000000
106824889,210000
86613389,79500
106419600,134000
107871200,146000
107673666,108100
105842282,159000
105873812,124500
106841232,184000
106436207,187000
106841327,168000
105226537,160000
107704882,499000
106192185,150000
102291199,98400
102328752,103000
107755037,110000
107670748,168000
102818663,204000
105710518,948765
105118087,160000
33770859,950000
102617787,160000
107620931,121900
107827638,375000
107942004,160000
104278256,82000
107668938,127500
107360097,95000
105550268,75000
